localtime,count
none,111
2024-11-20 06:53,110
2024-11-20 08:54,77
2024-11-20 08:48,76
2024-11-20 06:51,76
2024-11-20 06:52,73
2024-11-20 08:49,55
2024-11-20 07:50,52
2024-11-20 06:54,51
2024-11-20 07:49,49
2024-11-20 06:50,43
2024-11-20 08:47,40
2024-11-20 07:48,40
2024-11-20 08:55,37
2024-11-20 07:51,35
2024-11-20 06:45,32
2024-11-20 06:49,32
2024-11-20 08:52,31
2024-11-20 08:50,31
2024-11-20 06:46,30
2024-11-20 06:47,29
2024-11-20 08:51,28
2024-11-20 08:53,27
2024-11-20 07:52,25
2024-11-20 05:49,24
2024-11-20 06:48,20
2024-11-20 05:50,20
2024-11-20 05:48,16
2024-11-20 08:42,16
2024-11-20 07:45,16
2024-11-20 09:49,15
2024-11-20 07:44,15
2024-11-20 07:53,15
2024-11-20 07:54,15
2024-11-20 08:46,14
2024-11-20 08:43,13
2024-11-20 09:50,13
2024-11-20 07:43,12
2024-11-20 07:42,12
2024-11-20 10:18,10
2024-11-20 05:44,10
2024-11-20 08:44,10
2024-11-20 08:41,9
2024-11-20 07:00,9
2024-11-20 09:00,9
2024-11-20 09:48,8
2024-11-20 07:46,8
2024-11-20 06:44,8
2024-11-20 09:47,8
2024-11-20 05:42,7
2024-11-20 07:47,7
2024-11-20 05:43,7
2024-11-20 07:59,7
2024-11-20 09:44,7
2024-11-20 05:51,6
2024-11-20 07:55,5
2024-11-20 06:42,5
2024-11-20 06:58,5
2024-11-20 09:51,5
2024-11-20 06:57,5
2024-11-20 08:45,5
2024-11-20 09:01,4
2024-11-20 09:43,4
2024-11-20 08:56,4
2024-11-20 09:54,4
2024-11-20 10:19,3
2024-11-20 06:59,3
2024-11-20 08:57,3
2024-11-20 05:47,3
2024-11-20 09:55,3
2024-11-20 07:56,3
2024-11-20 08:00,3
2024-11-20 06:56,2
2024-11-20 09:41,2
2024-11-20 08:59,2
2024-11-20 07:01,2
2024-11-20 10:12,2
2024-11-20 06:43,2
2024-11-20 06:55,1
2024-11-20 11:55,1
2024-11-20 05:57,1
2024-11-20 04:51,1
2024-11-20 04:45,1
2024-11-20 07:57,1
2024-11-20 04:44,1
2024-11-20 05:45,1
2024-11-20 04:50,1
2024-11-20 11:49,1
2024-11-20 10:01,1
2024-11-20 11:54,1
2024-11-20 08:58,1
2024-11-20 10:13,1
2024-11-20 09:46,1
2024-11-20 05:46,1
2024-11-20 05:55,1
2024-11-20 10:16,1
