,localtime,datetime_now
0,2024-11-20 09:13,2024-11-20 09:19:45.269569
1,2024-11-20 09:19,2024-11-20 09:19:45.782717
2,2024-11-20 09:19,2024-11-20 09:19:46.089137
3,2024-11-20 09:19,2024-11-20 09:19:46.395961
4,2024-11-20 09:19,2024-11-20 09:19:46.704141
5,2024-11-20 09:19,2024-11-20 09:19:47.010864
6,2024-11-20 09:19,2024-11-20 09:19:47.318145
7,2024-11-20 09:19,2024-11-20 09:19:47.931599
8,2024-11-20 09:19,2024-11-20 09:19:48.239673
9,2024-11-20 09:19,2024-11-20 09:19:48.649469
10,2024-11-20 09:13,2024-11-20 09:19:48.956777
11,2024-11-20 09:19,2024-11-20 09:19:49.263490
12,2024-11-20 09:19,2024-11-20 09:19:49.674179
13,2024-11-20 09:19,2024-11-20 09:19:49.980445
14,2024-11-20 10:19,2024-11-20 09:19:50.390142
15,2024-11-20 10:19,2024-11-20 09:19:50.698138
16,2024-11-20 09:19,2024-11-20 09:19:51.004529
17,2024-11-20 09:19,2024-11-20 09:19:51.311299
18,2024-11-20 09:13,2024-11-20 09:19:51.604915
19,2024-11-20 09:19,2024-11-20 09:19:51.927199
20,2024-11-20 09:19,2024-11-20 09:19:52.184713
21,2024-11-20 09:19,2024-11-20 09:19:52.413979
22,2024-11-20 09:19,2024-11-20 09:19:52.691818
23,2024-11-20 09:25,2024-11-20 09:19:52.902843
24,2024-11-20 10:19,2024-11-20 09:19:53.103834
25,2024-11-20 10:13,2024-11-20 09:19:53.312424
26,2024-11-20 09:19,2024-11-20 09:19:53.535306
27,2024-11-20 09:19,2024-11-20 09:19:53.772753
28,2024-11-20 09:19,2024-11-20 09:19:53.987570
29,2024-11-20 09:19,2024-11-20 09:19:54.281332
30,2024-11-20 09:17,2024-11-20 09:19:54.527235
31,2024-11-20 09:13,2024-11-20 09:19:54.771418
32,2024-11-20 09:19,2024-11-20 09:19:54.973888
33,2024-11-20 09:19,2024-11-20 09:19:55.198399
34,2024-11-20 09:19,2024-11-20 09:19:55.388617
35,2024-11-20 10:19,2024-11-20 09:19:55.585924
36,2024-11-20 10:17,2024-11-20 09:19:55.813267
37,2024-11-20 10:19,2024-11-20 09:19:56.064863
38,2024-11-20 10:19,2024-11-20 09:19:56.284820
39,2024-11-20 09:19,2024-11-20 09:19:56.478969
40,2024-11-20 09:13,2024-11-20 09:19:56.690214
41,2024-11-20 09:19,2024-11-20 09:19:56.972831
42,2024-11-20 09:19,2024-11-20 09:19:57.170071
43,2024-11-20 09:19,2024-11-20 09:19:57.380687
44,2024-11-20 09:19,2024-11-20 09:19:57.577425
45,2024-11-20 09:19,2024-11-20 09:19:57.773952
46,2024-11-20 09:13,2024-11-20 09:19:57.991123
47,2024-11-20 09:13,2024-11-20 09:19:58.193520
48,2024-11-20 09:19,2024-11-20 09:19:58.411072
49,2024-11-20 10:13,2024-11-20 09:19:58.709423
50,2024-11-20 10:19,2024-11-20 09:19:58.922241
51,2024-11-20 09:13,2024-11-20 09:19:59.144863
52,2024-11-20 09:19,2024-11-20 09:19:59.400324
53,2024-11-20 09:19,2024-11-20 09:19:59.617607
54,2024-11-20 09:19,2024-11-20 09:19:59.840512
55,2024-11-20 09:26,2024-11-20 09:20:00.061444
56,2024-11-20 09:13,2024-11-20 09:20:00.269530
57,2024-11-20 09:19,2024-11-20 09:20:00.461469
58,2024-11-20 09:19,2024-11-20 09:20:00.663784
59,2024-11-20 09:20,2024-11-20 09:20:00.882601
60,2024-11-20 09:20,2024-11-20 09:20:01.068380
61,2024-11-20 10:19,2024-11-20 09:20:01.288305
62,2024-11-20 10:20,2024-11-20 09:20:01.501153
63,2024-11-20 09:26,2024-11-20 09:20:01.728318
64,2024-11-20 09:26,2024-11-20 09:20:01.950246
65,2024-11-20 09:13,2024-11-20 09:20:02.158716
66,2024-11-20 09:19,2024-11-20 09:20:02.383532
67,2024-11-20 09:19,2024-11-20 09:20:02.792256
68,2024-11-20 09:17,2024-11-20 09:20:03.002868
69,2024-11-20 09:20,2024-11-20 09:20:03.217800
70,2024-11-20 09:19,2024-11-20 09:20:03.432104
71,2024-11-20 09:19,2024-11-20 09:20:03.640793
72,2024-11-20 09:19,2024-11-20 09:20:03.866001
73,2024-11-20 09:19,2024-11-20 09:20:04.088462
74,2024-11-20 09:19,2024-11-20 09:20:04.292142
75,2024-11-20 09:20,2024-11-20 09:20:04.486385
76,2024-11-20 09:19,2024-11-20 09:20:04.717683
77,2024-11-20 10:19,2024-11-20 09:20:04.949269
78,2024-11-20 10:49,2024-11-20 09:20:05.167614
79,2024-11-20 10:49,2024-11-20 09:20:05.378206
80,2024-11-20 10:43,2024-11-20 09:20:05.603388
81,2024-11-20 10:50,2024-11-20 09:20:05.810183
82,2024-11-20 08:19,2024-11-20 09:20:06.030769
83,2024-11-20 09:19,2024-11-20 09:20:06.226390
84,2024-11-20 09:19,2024-11-20 09:20:06.534272
85,2024-11-20 09:20,2024-11-20 09:20:06.804877
86,2024-11-20 09:19,2024-11-20 09:20:07.012533
87,2024-11-20 09:19,2024-11-20 09:20:07.281886
88,2024-11-20 09:13,2024-11-20 09:20:07.497797
89,2024-11-20 09:13,2024-11-20 09:20:07.738348
90,2024-11-20 09:20,2024-11-20 09:20:07.968597
91,2024-11-20 09:19,2024-11-20 09:20:08.188213
92,2024-11-20 09:26,2024-11-20 09:20:08.386921
93,2024-11-20 09:13,2024-11-20 09:20:08.587077
94,2024-11-20 09:19,2024-11-20 09:20:08.806452
95,2024-11-20 09:20,2024-11-20 09:20:09.008152
96,2024-11-20 09:19,2024-11-20 09:20:09.224447
97,2024-11-20 09:13,2024-11-20 09:20:09.517804
98,2024-11-20 09:19,2024-11-20 09:20:09.733205
99,2024-11-20 09:20,2024-11-20 09:20:09.965968
100,2024-11-20 09:13,2024-11-20 09:20:10.183925
101,2024-11-20 10:49,2024-11-20 09:20:10.407792
102,2024-11-20 10:47,2024-11-20 09:20:10.611601
103,2024-11-20 10:49,2024-11-20 09:20:10.810324
104,2024-11-20 10:49,2024-11-20 09:20:11.034532
105,2024-11-20 06:19,2024-11-20 09:20:11.242302
106,2024-11-20 06:19,2024-11-20 09:20:11.462352
107,2024-11-20 06:19,2024-11-20 09:20:11.681863
108,2024-11-20 06:19,2024-11-20 09:20:11.881615
109,2024-11-20 06:19,2024-11-20 09:20:12.074157
110,2024-11-20 07:19,2024-11-20 09:20:12.278535
111,2024-11-20 07:19,2024-11-20 09:20:12.527950
112,2024-11-20 07:13,2024-11-20 09:20:12.721003
113,2024-11-20 07:13,2024-11-20 09:20:12.929845
114,2024-11-20 08:19,2024-11-20 09:20:13.145406
115,2024-11-20 08:26,2024-11-20 09:20:13.348237
116,2024-11-20 08:19,2024-11-20 09:20:13.549829
117,2024-11-20 08:26,2024-11-20 09:20:13.764882
118,2024-11-20 08:19,2024-11-20 09:20:13.998864
119,2024-11-20 08:19,2024-11-20 09:20:14.208960
120,2024-11-20 08:17,2024-11-20 09:20:14.417426
121,2024-11-20 08:13,2024-11-20 09:20:14.649651
122,2024-11-20 08:19,2024-11-20 09:20:14.908678
123,2024-11-20 08:20,2024-11-20 09:20:15.140925
124,2024-11-20 08:20,2024-11-20 09:20:15.370032
125,2024-11-20 08:26,2024-11-20 09:20:15.567608
126,2024-11-20 08:20,2024-11-20 09:20:15.770340
127,2024-11-20 08:13,2024-11-20 09:20:15.988907
128,2024-11-20 09:19,2024-11-20 09:20:16.202003
129,2024-11-20 09:19,2024-11-20 09:20:16.558588
130,2024-11-20 09:19,2024-11-20 09:20:16.853858
131,2024-11-20 09:26,2024-11-20 09:20:17.063766
132,2024-11-20 09:19,2024-11-20 09:20:17.269713
133,2024-11-20 09:20,2024-11-20 09:20:17.488039
134,2024-11-20 09:19,2024-11-20 09:20:17.701883
135,2024-11-20 09:20,2024-11-20 09:20:17.930626
136,2024-11-20 09:20,2024-11-20 09:20:18.130089
137,2024-11-20 09:13,2024-11-20 09:20:18.329918
138,2024-11-20 09:19,2024-11-20 09:20:18.544134
139,2024-11-20 09:20,2024-11-20 09:20:18.770575
140,2024-11-20 09:19,2024-11-20 09:20:18.981804
141,2024-11-20 09:13,2024-11-20 09:20:19.203063
142,2024-11-20 09:13,2024-11-20 09:20:19.422363
143,2024-11-20 09:13,2024-11-20 09:20:19.757129
144,2024-11-20 10:49,2024-11-20 09:20:19.984265
145,2024-11-20 10:50,2024-11-20 09:20:20.202287
146,2024-11-20 10:50,2024-11-20 09:20:20.410196
147,2024-11-20 06:20,2024-11-20 09:20:20.628425
148,2024-11-20 06:20,2024-11-20 09:20:20.827717
149,2024-11-20 06:13,2024-11-20 09:20:21.037512
150,2024-11-20 06:19,2024-11-20 09:20:21.268072
151,2024-11-20 06:20,2024-11-20 09:20:21.480565
152,2024-11-20 06:20,2024-11-20 09:20:21.698480
153,2024-11-20 07:19,2024-11-20 09:20:21.919664
154,2024-11-20 07:20,2024-11-20 09:20:22.147703
155,2024-11-20 07:19,2024-11-20 09:20:22.363935
156,2024-11-20 07:19,2024-11-20 09:20:22.582363
157,2024-11-20 07:14,2024-11-20 09:20:22.807767
158,2024-11-20 08:19,2024-11-20 09:20:23.022461
159,2024-11-20 08:19,2024-11-20 09:20:23.243433
160,2024-11-20 08:19,2024-11-20 09:20:23.457787
161,2024-11-20 08:20,2024-11-20 09:20:23.757323
162,2024-11-20 08:14,2024-11-20 09:20:23.969805
163,2024-11-20 08:20,2024-11-20 09:20:24.169134
164,2024-11-20 08:19,2024-11-20 09:20:24.370205
165,2024-11-20 08:19,2024-11-20 09:20:24.588791
166,2024-11-20 08:20,2024-11-20 09:20:24.783811
167,2024-11-20 08:14,2024-11-20 09:20:24.988272
168,2024-11-20 08:19,2024-11-20 09:20:25.187061
169,2024-11-20 08:20,2024-11-20 09:20:25.390778
170,2024-11-20 08:20,2024-11-20 09:20:25.581789
171,2024-11-20 09:26,2024-11-20 09:20:25.778589
172,2024-11-20 09:20,2024-11-20 09:20:25.987283
173,2024-11-20 09:20,2024-11-20 09:20:26.187788
174,2024-11-20 09:14,2024-11-20 09:20:26.387929
175,2024-11-20 09:20,2024-11-20 09:20:26.581725
176,2024-11-20 09:20,2024-11-20 09:20:26.788407
177,2024-11-20 09:20,2024-11-20 09:20:27.008972
178,2024-11-20 09:14,2024-11-20 09:20:27.273774
179,2024-11-20 09:20,2024-11-20 09:20:27.521895
180,2024-11-20 09:20,2024-11-20 09:20:27.757387
181,2024-11-20 09:20,2024-11-20 09:20:28.078194
182,2024-11-20 09:20,2024-11-20 09:20:28.307736
183,2024-11-20 09:14,2024-11-20 09:20:28.520081
184,2024-11-20 09:14,2024-11-20 09:20:28.761667
185,2024-11-20 09:14,2024-11-20 09:20:28.980558
186,2024-11-20 09:20,2024-11-20 09:20:29.213844
187,2024-11-20 10:44,2024-11-20 09:20:29.422479
188,2024-11-20 10:50,2024-11-20 09:20:29.642308
189,2024-11-20 06:20,2024-11-20 09:20:29.843278
190,2024-11-20 06:20,2024-11-20 09:20:30.158430
191,2024-11-20 06:14,2024-11-20 09:20:30.430311
192,2024-11-20 06:20,2024-11-20 09:20:30.647748
193,2024-11-20 06:26,2024-11-20 09:20:30.887341
194,2024-11-20 06:14,2024-11-20 09:20:31.098673
195,2024-11-20 06:14,2024-11-20 09:20:31.314425
196,2024-11-20 07:20,2024-11-20 09:20:31.503968
197,2024-11-20 07:20,2024-11-20 09:20:31.729225
198,2024-11-20 07:20,2024-11-20 09:20:31.953223
199,2024-11-20 07:20,2024-11-20 09:20:32.162194
200,2024-11-20 08:20,2024-11-20 09:20:32.382138
201,2024-11-20 08:20,2024-11-20 09:20:32.585954
202,2024-11-20 08:14,2024-11-20 09:20:32.794169
203,2024-11-20 08:20,2024-11-20 09:20:32.988756
204,2024-11-20 08:20,2024-11-20 09:20:33.202122
205,2024-11-20 08:14,2024-11-20 09:20:33.407189
206,2024-11-20 08:20,2024-11-20 09:20:33.628615
207,2024-11-20 08:20,2024-11-20 09:20:33.834027
208,2024-11-20 08:20,2024-11-20 09:20:34.157888
209,2024-11-20 08:20,2024-11-20 09:20:34.368589
210,2024-11-20 08:14,2024-11-20 09:20:34.586026
211,2024-11-20 08:14,2024-11-20 09:20:34.797899
212,2024-11-20 08:14,2024-11-20 09:20:35.034680
213,2024-11-20 08:20,2024-11-20 09:20:35.226787
214,2024-11-20 09:20,2024-11-20 09:20:35.430891
215,2024-11-20 09:20,2024-11-20 09:20:35.757844
216,2024-11-20 09:14,2024-11-20 09:20:35.984801
217,2024-11-20 09:20,2024-11-20 09:20:36.189281
218,2024-11-20 09:20,2024-11-20 09:20:36.552095
219,2024-11-20 09:18,2024-11-20 09:20:36.763268
220,2024-11-20 09:20,2024-11-20 09:20:36.967260
221,2024-11-20 09:20,2024-11-20 09:20:37.187642
222,2024-11-20 09:14,2024-11-20 09:20:37.404101
223,2024-11-20 09:26,2024-11-20 09:20:37.618452
224,2024-11-20 09:14,2024-11-20 09:20:37.998953
225,2024-11-20 09:20,2024-11-20 09:20:38.222516
226,2024-11-20 09:18,2024-11-20 09:20:38.429729
227,2024-11-20 09:20,2024-11-20 09:20:38.637596
228,2024-11-20 09:20,2024-11-20 09:20:38.838592
229,2024-11-20 09:20,2024-11-20 09:20:39.061901
230,2024-11-20 09:20,2024-11-20 09:20:39.272476
231,2024-11-20 09:20,2024-11-20 09:20:39.489599
232,2024-11-20 09:20,2024-11-20 09:20:39.697978
233,2024-11-20 10:20,2024-11-20 09:20:39.927074
234,2024-11-20 10:20,2024-11-20 09:20:40.149302
235,2024-11-20 10:50,2024-11-20 09:20:40.364685
236,2024-11-20 06:20,2024-11-20 09:20:40.581777
237,2024-11-20 06:20,2024-11-20 09:20:40.878207
238,2024-11-20 06:20,2024-11-20 09:20:41.089835
239,2024-11-20 06:20,2024-11-20 09:20:41.307833
240,2024-11-20 06:14,2024-11-20 09:20:41.568076
241,2024-11-20 06:20,2024-11-20 09:20:41.831620
242,2024-11-20 06:20,2024-11-20 09:20:42.043247
243,2024-11-20 06:20,2024-11-20 09:20:42.264096
244,2024-11-20 07:20,2024-11-20 09:20:42.482656
245,2024-11-20 07:20,2024-11-20 09:20:42.698590
246,2024-11-20 07:20,2024-11-20 09:20:42.907824
247,2024-11-20 07:14,2024-11-20 09:20:43.113152
248,2024-11-20 08:14,2024-11-20 09:20:43.307627
249,2024-11-20 08:14,2024-11-20 09:20:43.507465
250,2024-11-20 08:20,2024-11-20 09:20:43.724860
251,2024-11-20 08:20,2024-11-20 09:20:43.934109
252,2024-11-20 08:20,2024-11-20 09:20:44.148968
253,2024-11-20 08:20,2024-11-20 09:20:44.399062
254,2024-11-20 08:20,2024-11-20 09:20:44.611749
255,2024-11-20 08:20,2024-11-20 09:20:44.824049
256,2024-11-20 08:20,2024-11-20 09:20:45.172720
257,2024-11-20 08:14,2024-11-20 09:20:45.382177
258,2024-11-20 08:20,2024-11-20 09:20:45.608266
259,2024-11-20 08:20,2024-11-20 09:20:46.009122
260,2024-11-20 08:20,2024-11-20 09:20:46.227265
261,2024-11-20 09:14,2024-11-20 09:20:46.436024
262,2024-11-20 09:18,2024-11-20 09:20:46.661826
263,2024-11-20 09:14,2024-11-20 09:20:46.914054
264,2024-11-20 09:14,2024-11-20 09:20:47.116137
265,2024-11-20 09:20,2024-11-20 09:20:47.333915
266,2024-11-20 09:20,2024-11-20 09:20:47.533880
267,2024-11-20 09:20,2024-11-20 09:20:47.730052
268,2024-11-20 09:14,2024-11-20 09:20:47.969450
269,2024-11-20 09:26,2024-11-20 09:20:48.188089
270,2024-11-20 09:14,2024-11-20 09:20:48.402325
271,2024-11-20 09:20,2024-11-20 09:20:48.617185
272,2024-11-20 09:18,2024-11-20 09:20:48.845570
273,2024-11-20 09:20,2024-11-20 09:20:53.672726
274,2024-11-20 09:20,2024-11-20 09:20:53.979894
275,2024-11-20 09:27,2024-11-20 09:20:54.241833
276,2024-11-20 09:14,2024-11-20 09:20:54.598636
277,2024-11-20 09:20,2024-11-20 09:20:55.004433
278,2024-11-20 09:20,2024-11-20 09:20:55.311567
279,2024-11-20 09:14,2024-11-20 09:20:55.618911
280,2024-11-20 09:20,2024-11-20 09:20:56.028659
281,2024-11-20 10:14,2024-11-20 09:20:56.437342
282,2024-11-20 10:20,2024-11-20 09:20:56.744881
283,2024-11-20 10:20,2024-11-20 09:20:57.052348
284,2024-11-20 10:50,2024-11-20 09:20:57.242704
285,2024-11-20 06:20,2024-11-20 09:20:57.563894
286,2024-11-20 06:20,2024-11-20 09:20:57.871472
287,2024-11-20 06:14,2024-11-20 09:20:58.118024
288,2024-11-20 06:18,2024-11-20 09:20:58.486008
289,2024-11-20 06:20,2024-11-20 09:20:58.742416
290,2024-11-20 06:14,2024-11-20 09:20:58.961889
291,2024-11-20 06:20,2024-11-20 09:20:59.180251
292,2024-11-20 07:20,2024-11-20 09:20:59.385787
293,2024-11-20 07:14,2024-11-20 09:20:59.757477
294,2024-11-20 07:20,2024-11-20 09:20:59.977744
295,2024-11-20 07:20,2024-11-20 09:21:00.202087
296,2024-11-20 07:20,2024-11-20 09:21:00.414622
297,2024-11-20 07:20,2024-11-20 09:21:00.626336
298,2024-11-20 08:14,2024-11-20 09:21:00.831712
299,2024-11-20 08:20,2024-11-20 09:21:01.043628
300,2024-11-20 08:20,2024-11-20 09:21:01.357741
301,2024-11-20 08:20,2024-11-20 09:21:01.582398
302,2024-11-20 08:20,2024-11-20 09:21:01.787571
303,2024-11-20 08:18,2024-11-20 09:21:02.002523
304,2024-11-20 08:20,2024-11-20 09:21:02.212354
305,2024-11-20 08:20,2024-11-20 09:21:02.407011
306,2024-11-20 08:20,2024-11-20 09:21:02.625569
307,2024-11-20 08:21,2024-11-20 09:21:02.850502
308,2024-11-20 08:20,2024-11-20 09:21:03.278421
309,2024-11-20 08:20,2024-11-20 09:21:03.525728
310,2024-11-20 08:20,2024-11-20 09:21:03.750862
311,2024-11-20 09:14,2024-11-20 09:21:03.967179
312,2024-11-20 09:14,2024-11-20 09:21:04.178290
313,2024-11-20 09:21,2024-11-20 09:21:04.409000
314,2024-11-20 09:14,2024-11-20 09:21:04.667737
315,2024-11-20 09:20,2024-11-20 09:21:04.877655
316,2024-11-20 09:20,2024-11-20 09:21:05.108645
317,2024-11-20 09:21,2024-11-20 09:21:05.323083
318,2024-11-20 09:20,2024-11-20 09:21:05.546124
319,2024-11-20 09:21,2024-11-20 09:21:05.753696
320,2024-11-20 09:18,2024-11-20 09:21:06.157837
321,2024-11-20 09:20,2024-11-20 09:21:06.385807
322,2024-11-20 09:20,2024-11-20 09:21:06.638842
323,2024-11-20 09:20,2024-11-20 09:21:06.847600
324,2024-11-20 09:21,2024-11-20 09:21:07.123809
325,2024-11-20 10:14,2024-11-20 09:21:07.349184
326,2024-11-20 09:14,2024-11-20 09:21:07.553253
327,none,2024-11-20 09:21:07.753031
328,2024-11-20 10:21,2024-11-20 09:21:07.966161
329,2024-11-20 10:20,2024-11-20 09:21:08.169589
330,2024-11-20 10:20,2024-11-20 09:21:08.401164
331,2024-11-20 10:50,2024-11-20 09:21:08.630487
332,2024-11-20 06:20,2024-11-20 09:21:08.821819
333,2024-11-20 06:20,2024-11-20 09:21:09.169706
334,2024-11-20 06:14,2024-11-20 09:21:09.381882
335,2024-11-20 06:27,2024-11-20 09:21:09.597878
336,2024-11-20 06:20,2024-11-20 09:21:09.834163
337,2024-11-20 06:21,2024-11-20 09:21:10.034093
338,2024-11-20 06:27,2024-11-20 09:21:10.239690
339,2024-11-20 06:20,2024-11-20 09:21:10.508825
340,2024-11-20 07:18,2024-11-20 09:21:10.727622
341,2024-11-20 07:14,2024-11-20 09:21:10.948313
342,2024-11-20 07:14,2024-11-20 09:21:11.179284
343,2024-11-20 07:27,2024-11-20 09:21:11.408116
344,2024-11-20 07:20,2024-11-20 09:21:11.622196
345,2024-11-20 07:20,2024-11-20 09:21:11.843197
346,2024-11-20 08:21,2024-11-20 09:21:12.047549
347,2024-11-20 08:20,2024-11-20 09:21:12.398001
348,2024-11-20 08:14,2024-11-20 09:21:12.618420
349,2024-11-20 08:21,2024-11-20 09:21:12.822443
350,2024-11-20 08:20,2024-11-20 09:21:13.042086
351,2024-11-20 08:20,2024-11-20 09:21:13.246692
352,2024-11-20 08:14,2024-11-20 09:21:13.444185
353,2024-11-20 08:20,2024-11-20 09:21:13.649903
354,2024-11-20 08:21,2024-11-20 09:21:13.844424
355,2024-11-20 08:20,2024-11-20 09:21:14.062105
356,2024-11-20 08:27,2024-11-20 09:21:14.289180
357,2024-11-20 08:14,2024-11-20 09:21:14.510147
358,2024-11-20 08:21,2024-11-20 09:21:14.729067
359,2024-11-20 08:14,2024-11-20 09:21:14.954599
360,2024-11-20 09:14,2024-11-20 09:21:15.170344
361,2024-11-20 09:20,2024-11-20 09:21:15.366116
362,2024-11-20 09:14,2024-11-20 09:21:15.638121
363,2024-11-20 09:20,2024-11-20 09:21:15.842399
364,2024-11-20 09:21,2024-11-20 09:21:16.044533
365,2024-11-20 09:14,2024-11-20 09:21:16.254282
366,2024-11-20 09:20,2024-11-20 09:21:16.719127
367,2024-11-20 09:20,2024-11-20 09:21:17.038347
368,2024-11-20 09:27,2024-11-20 09:21:17.274473
369,2024-11-20 09:21,2024-11-20 09:21:17.482762
370,2024-11-20 09:18,2024-11-20 09:21:17.832973
371,2024-11-20 09:18,2024-11-20 09:21:18.046462
372,2024-11-20 10:27,2024-11-20 09:21:18.254187
373,2024-11-20 10:14,2024-11-20 09:21:18.458631
374,2024-11-20 10:14,2024-11-20 09:21:18.684087
375,2024-11-20 10:21,2024-11-20 09:21:18.907978
376,2024-11-20 10:21,2024-11-20 09:21:19.131805
377,2024-11-20 10:20,2024-11-20 09:21:19.333307
378,2024-11-20 10:20,2024-11-20 09:21:19.530875
379,2024-11-20 10:49,2024-11-20 09:21:19.742860
380,2024-11-20 06:21,2024-11-20 09:21:19.965598
381,2024-11-20 06:20,2024-11-20 09:21:20.194002
382,2024-11-20 06:20,2024-11-20 09:21:20.387938
383,2024-11-20 06:20,2024-11-20 09:21:20.590770
384,2024-11-20 06:14,2024-11-20 09:21:20.809352
385,2024-11-20 06:20,2024-11-20 09:21:21.030111
386,2024-11-20 06:14,2024-11-20 09:21:21.231150
387,2024-11-20 06:20,2024-11-20 09:21:21.442338
388,2024-11-20 07:20,2024-11-20 09:21:21.654408
389,2024-11-20 07:20,2024-11-20 09:21:21.863087
390,2024-11-20 07:21,2024-11-20 09:21:22.080315
391,2024-11-20 07:15,2024-11-20 09:21:22.304049
392,2024-11-20 07:20,2024-11-20 09:21:22.510887
393,2024-11-20 07:27,2024-11-20 09:21:22.702369
394,2024-11-20 08:20,2024-11-20 09:21:22.913892
395,2024-11-20 08:20,2024-11-20 09:21:23.278036
396,2024-11-20 08:20,2024-11-20 09:21:23.504078
397,2024-11-20 08:15,2024-11-20 09:21:23.918419
398,2024-11-20 08:15,2024-11-20 09:21:24.150279
399,2024-11-20 08:15,2024-11-20 09:21:24.467767
400,2024-11-20 08:20,2024-11-20 09:21:24.701849
401,2024-11-20 08:19,2024-11-20 09:21:25.009200
402,2024-11-20 08:21,2024-11-20 09:21:25.315624
403,2024-11-20 08:15,2024-11-20 09:21:25.622830
404,2024-11-20 08:21,2024-11-20 09:21:25.930317
405,2024-11-20 08:21,2024-11-20 09:21:26.339971
406,2024-11-20 08:21,2024-11-20 09:21:26.649338
407,2024-11-20 08:21,2024-11-20 09:21:26.954743
408,2024-11-20 09:21,2024-11-20 09:21:27.466650
409,2024-11-20 09:21,2024-11-20 09:21:27.773933
410,2024-11-20 09:21,2024-11-20 09:21:28.285950
411,2024-11-20 09:15,2024-11-20 09:21:28.796621
412,2024-11-20 09:21,2024-11-20 09:21:29.241075
413,2024-11-20 09:21,2024-11-20 09:21:29.515004
414,2024-11-20 09:21,2024-11-20 09:21:29.822634
415,2024-11-20 09:21,2024-11-20 09:21:30.129249
416,2024-11-20 09:21,2024-11-20 09:21:30.436698
417,2024-11-20 09:21,2024-11-20 09:21:30.743616
418,2024-11-20 10:21,2024-11-20 09:21:31.052540
419,2024-11-20 10:21,2024-11-20 09:21:31.362943
420,2024-11-20 10:21,2024-11-20 09:21:31.668291
421,2024-11-20 10:21,2024-11-20 09:21:31.971611
422,2024-11-20 10:21,2024-11-20 09:21:32.227065
423,2024-11-20 10:21,2024-11-20 09:21:32.587354
424,2024-11-20 10:15,2024-11-20 09:21:32.894634
425,2024-11-20 10:21,2024-11-20 09:21:33.201022
426,2024-11-20 06:21,2024-11-20 09:21:33.509139
427,2024-11-20 06:27,2024-11-20 09:21:33.951526
428,2024-11-20 06:21,2024-11-20 09:21:34.328306
429,2024-11-20 06:19,2024-11-20 09:21:34.635240
430,2024-11-20 06:15,2024-11-20 09:21:34.942398
431,2024-11-20 06:15,2024-11-20 09:21:35.351492
432,2024-11-20 06:21,2024-11-20 09:21:35.760926
433,2024-11-20 07:21,2024-11-20 09:21:36.068483
434,2024-11-20 07:27,2024-11-20 09:21:36.511437
435,2024-11-20 07:21,2024-11-20 09:21:36.785281
436,2024-11-20 07:27,2024-11-20 09:21:37.095391
437,2024-11-20 07:21,2024-11-20 09:21:37.520920
438,2024-11-20 07:21,2024-11-20 09:21:37.810050
439,2024-11-20 07:21,2024-11-20 09:21:38.117054
440,2024-11-20 08:15,2024-11-20 09:21:38.423876
441,2024-11-20 08:21,2024-11-20 09:21:38.834188
442,2024-11-20 08:21,2024-11-20 09:21:39.243178
443,2024-11-20 08:27,2024-11-20 09:21:39.653445
444,2024-11-20 08:21,2024-11-20 09:21:39.960249
445,2024-11-20 08:21,2024-11-20 09:21:40.267484
446,2024-11-20 08:21,2024-11-20 09:21:40.677888
447,2024-11-20 08:15,2024-11-20 09:21:41.086122
448,2024-11-20 08:15,2024-11-20 09:21:41.426414
449,2024-11-20 08:15,2024-11-20 09:21:41.803570
450,2024-11-20 08:21,2024-11-20 09:21:42.113081
451,2024-11-20 08:21,2024-11-20 09:21:42.418012
452,2024-11-20 08:21,2024-11-20 09:21:42.827362
453,2024-11-20 08:15,2024-11-20 09:21:43.339419
454,2024-11-20 08:19,2024-11-20 09:21:43.645562
455,2024-11-20 09:21,2024-11-20 09:21:43.953955
456,2024-11-20 09:19,2024-11-20 09:21:44.260597
457,2024-11-20 09:19,2024-11-20 09:21:44.568882
458,2024-11-20 09:15,2024-11-20 09:21:44.977820
459,2024-11-20 09:21,2024-11-20 09:21:45.284189
460,2024-11-20 09:15,2024-11-20 09:21:45.592261
461,2024-11-20 09:15,2024-11-20 09:21:45.898864
462,2024-11-20 09:21,2024-11-20 09:21:46.321297
463,2024-11-20 09:21,2024-11-20 09:21:46.923621
464,2024-11-20 10:27,2024-11-20 09:21:47.230806
465,2024-11-20 09:21,2024-11-20 09:21:47.538223
466,2024-11-20 09:21,2024-11-20 09:21:47.976097
467,2024-11-20 09:21,2024-11-20 09:21:48.254335
468,2024-11-20 10:21,2024-11-20 09:21:48.766323
469,2024-11-20 10:21,2024-11-20 09:21:49.074084
470,2024-11-20 10:21,2024-11-20 09:21:49.449087
471,2024-11-20 06:19,2024-11-20 09:21:49.791115
472,2024-11-20 06:15,2024-11-20 09:21:50.098324
473,2024-11-20 06:15,2024-11-20 09:21:50.404695
474,2024-11-20 06:27,2024-11-20 09:21:50.712252
475,2024-11-20 06:21,2024-11-20 09:21:51.122342
476,2024-11-20 06:21,2024-11-20 09:21:51.461497
477,2024-11-20 07:21,2024-11-20 09:21:51.839592
478,2024-11-20 07:21,2024-11-20 09:21:52.168484
479,2024-11-20 07:21,2024-11-20 09:21:52.554774
480,2024-11-20 07:21,2024-11-20 09:21:52.965690
481,2024-11-20 07:21,2024-11-20 09:21:53.375390
482,2024-11-20 07:21,2024-11-20 09:21:53.624254
483,2024-11-20 07:15,2024-11-20 09:21:54.003365
484,2024-11-20 07:21,2024-11-20 09:21:54.298154
485,2024-11-20 08:21,2024-11-20 09:21:54.637200
486,2024-11-20 08:21,2024-11-20 09:21:54.850362
487,2024-11-20 08:21,2024-11-20 09:21:55.066153
488,2024-11-20 08:21,2024-11-20 09:21:55.298662
489,2024-11-20 08:15,2024-11-20 09:21:55.504024
490,2024-11-20 08:15,2024-11-20 09:21:55.745430
491,2024-11-20 08:15,2024-11-20 09:21:55.969013
492,2024-11-20 08:21,2024-11-20 09:21:56.197025
493,2024-11-20 08:21,2024-11-20 09:21:56.402949
494,2024-11-20 08:21,2024-11-20 09:21:56.616201
495,2024-11-20 08:21,2024-11-20 09:21:56.812521
496,2024-11-20 08:15,2024-11-20 09:21:57.034471
497,2024-11-20 08:21,2024-11-20 09:21:57.366721
498,2024-11-20 08:21,2024-11-20 09:21:57.565612
499,2024-11-20 09:19,2024-11-20 09:21:57.771967
500,2024-11-20 09:21,2024-11-20 09:21:57.989405
501,2024-11-20 09:21,2024-11-20 09:21:58.319919
502,2024-11-20 09:21,2024-11-20 09:21:58.570405
503,2024-11-20 09:21,2024-11-20 09:21:58.772129
504,2024-11-20 09:15,2024-11-20 09:21:58.974918
505,2024-11-20 09:21,2024-11-20 09:21:59.171695
506,2024-11-20 09:21,2024-11-20 09:21:59.375956
507,none,2024-11-20 09:21:59.596381
508,2024-11-20 09:21,2024-11-20 09:21:59.809860
509,2024-11-20 09:21,2024-11-20 09:22:00.021626
510,2024-11-20 10:21,2024-11-20 09:22:00.245049
511,2024-11-20 10:21,2024-11-20 09:22:00.470692
512,2024-11-20 09:21,2024-11-20 09:22:00.718572
513,2024-11-20 09:15,2024-11-20 09:22:01.040172
514,2024-11-20 10:22,2024-11-20 09:22:01.360509
515,2024-11-20 10:21,2024-11-20 09:22:01.585609
516,2024-11-20 10:21,2024-11-20 09:22:01.790634
517,2024-11-20 06:21,2024-11-20 09:22:01.994327
518,2024-11-20 06:21,2024-11-20 09:22:02.205022
519,2024-11-20 06:21,2024-11-20 09:22:02.416447
520,2024-11-20 06:21,2024-11-20 09:22:02.609646
521,2024-11-20 06:15,2024-11-20 09:22:02.804490
522,2024-11-20 07:15,2024-11-20 09:22:03.026682
523,2024-11-20 07:22,2024-11-20 09:22:03.253864
524,2024-11-20 07:21,2024-11-20 09:22:03.471656
525,2024-11-20 07:22,2024-11-20 09:22:03.684417
526,2024-11-20 07:21,2024-11-20 09:22:03.885188
527,2024-11-20 07:15,2024-11-20 09:22:04.106792
528,2024-11-20 07:22,2024-11-20 09:22:04.316599
529,2024-11-20 07:21,2024-11-20 09:22:04.542184
530,2024-11-20 07:22,2024-11-20 09:22:04.750685
531,2024-11-20 08:21,2024-11-20 09:22:04.970853
532,2024-11-20 08:22,2024-11-20 09:22:05.175423
533,2024-11-20 08:15,2024-11-20 09:22:05.373142
534,2024-11-20 08:28,2024-11-20 09:22:05.569400
535,2024-11-20 08:21,2024-11-20 09:22:05.775219
536,2024-11-20 08:22,2024-11-20 09:22:05.986732
537,2024-11-20 08:21,2024-11-20 09:22:06.192856
538,2024-11-20 08:21,2024-11-20 09:22:06.408975
539,2024-11-20 08:21,2024-11-20 09:22:06.640593
540,2024-11-20 08:21,2024-11-20 09:22:06.841561
541,2024-11-20 08:22,2024-11-20 09:22:07.072781
542,2024-11-20 08:22,2024-11-20 09:22:07.295603
543,2024-11-20 08:28,2024-11-20 09:22:07.492786
544,2024-11-20 09:21,2024-11-20 09:22:07.716741
545,2024-11-20 09:28,2024-11-20 09:22:07.925109
546,2024-11-20 09:21,2024-11-20 09:22:08.136779
547,2024-11-20 09:21,2024-11-20 09:22:08.345254
548,2024-11-20 09:21,2024-11-20 09:22:08.577780
549,none,2024-11-20 09:22:08.760430
550,none,2024-11-20 09:22:09.249127
551,2024-11-20 09:15,2024-11-20 09:22:09.658812
552,2024-11-20 10:21,2024-11-20 09:22:10.168158
553,2024-11-20 10:21,2024-11-20 09:22:11.444797
554,2024-11-20 09:19,2024-11-20 09:22:11.795363
555,2024-11-20 09:28,2024-11-20 09:22:12.219220
556,2024-11-20 10:21,2024-11-20 09:22:12.524060
557,2024-11-20 10:21,2024-11-20 09:22:12.831374
558,2024-11-20 05:28,2024-11-20 09:22:13.241116
559,2024-11-20 06:21,2024-11-20 09:22:13.547965
560,2024-11-20 06:15,2024-11-20 09:22:13.858446
561,2024-11-20 06:15,2024-11-20 09:22:14.202019
562,2024-11-20 07:19,2024-11-20 09:22:14.547906
563,2024-11-20 07:15,2024-11-20 09:22:14.984140
564,2024-11-20 07:21,2024-11-20 09:22:15.234092
565,2024-11-20 07:22,2024-11-20 09:22:15.431288
566,2024-11-20 07:21,2024-11-20 09:22:15.752624
567,2024-11-20 07:21,2024-11-20 09:22:16.124878
568,2024-11-20 07:21,2024-11-20 09:22:16.721145
569,2024-11-20 07:22,2024-11-20 09:22:16.971761
570,2024-11-20 07:15,2024-11-20 09:22:17.269587
571,2024-11-20 08:21,2024-11-20 09:22:17.485073
572,2024-11-20 08:22,2024-11-20 09:22:17.684786
573,2024-11-20 08:15,2024-11-20 09:22:17.924954
574,2024-11-20 08:21,2024-11-20 09:22:18.329056
575,2024-11-20 08:21,2024-11-20 09:22:18.670780
576,2024-11-20 08:21,2024-11-20 09:22:19.078780
577,2024-11-20 08:20,2024-11-20 09:22:19.386108
578,2024-11-20 08:21,2024-11-20 09:22:19.692961
579,2024-11-20 08:21,2024-11-20 09:22:20.036839
580,2024-11-20 08:22,2024-11-20 09:22:20.400059
581,2024-11-20 08:21,2024-11-20 09:22:20.818494
582,2024-11-20 08:21,2024-11-20 09:22:21.100725
583,2024-11-20 08:21,2024-11-20 09:22:21.435290
584,2024-11-20 08:20,2024-11-20 09:22:21.841040
585,2024-11-20 09:21,2024-11-20 09:22:22.161495
586,2024-11-20 09:22,2024-11-20 09:22:22.481339
587,none,2024-11-20 09:22:22.833509
588,none,2024-11-20 09:22:23.138916
589,2024-11-20 09:16,2024-11-20 09:22:23.498034
590,2024-11-20 09:22,2024-11-20 09:22:23.835266
591,2024-11-20 09:16,2024-11-20 09:22:24.169853
592,2024-11-20 09:22,2024-11-20 09:22:24.525853
593,2024-11-20 10:22,2024-11-20 09:22:24.858176
594,2024-11-20 10:22,2024-11-20 09:22:25.214086
595,2024-11-20 10:22,2024-11-20 09:22:25.562773
596,2024-11-20 10:22,2024-11-20 09:22:25.864623
597,2024-11-20 06:22,2024-11-20 09:22:26.091494
598,2024-11-20 05:22,2024-11-20 09:22:26.307393
599,2024-11-20 06:22,2024-11-20 09:22:26.527853
600,2024-11-20 06:22,2024-11-20 09:22:26.779815
601,2024-11-20 06:16,2024-11-20 09:22:26.969936
602,2024-11-20 06:16,2024-11-20 09:22:27.177801
603,2024-11-20 07:28,2024-11-20 09:22:27.378326
604,2024-11-20 07:16,2024-11-20 09:22:27.601156
605,2024-11-20 07:22,2024-11-20 09:22:27.834155
606,2024-11-20 07:22,2024-11-20 09:22:28.081612
607,2024-11-20 07:16,2024-11-20 09:22:28.311646
608,2024-11-20 07:22,2024-11-20 09:22:28.522752
609,2024-11-20 07:22,2024-11-20 09:22:28.736212
610,2024-11-20 07:22,2024-11-20 09:22:28.958064
611,2024-11-20 08:22,2024-11-20 09:22:29.207858
612,2024-11-20 08:22,2024-11-20 09:22:29.438121
613,2024-11-20 08:22,2024-11-20 09:22:29.631972
614,2024-11-20 08:22,2024-11-20 09:22:29.858084
615,2024-11-20 08:22,2024-11-20 09:22:30.061401
616,2024-11-20 08:22,2024-11-20 09:22:30.256624
617,2024-11-20 08:22,2024-11-20 09:22:30.472235
618,2024-11-20 08:22,2024-11-20 09:22:30.691381
619,2024-11-20 08:20,2024-11-20 09:22:30.911829
620,2024-11-20 08:16,2024-11-20 09:22:31.118434
621,2024-11-20 08:22,2024-11-20 09:22:31.400429
622,2024-11-20 08:22,2024-11-20 09:22:31.762116
623,2024-11-20 08:22,2024-11-20 09:22:31.981376
624,2024-11-20 08:22,2024-11-20 09:22:32.194178
625,2024-11-20 09:22,2024-11-20 09:22:32.413227
626,2024-11-20 09:22,2024-11-20 09:22:32.662319
627,none,2024-11-20 09:22:32.865860
628,none,2024-11-20 09:22:33.078100
629,2024-11-20 09:16,2024-11-20 09:22:33.297312
630,2024-11-20 09:22,2024-11-20 09:22:33.516448
631,2024-11-20 09:22,2024-11-20 09:22:33.841641
632,2024-11-20 09:22,2024-11-20 09:22:34.074705
633,2024-11-20 09:22,2024-11-20 09:22:34.319369
634,2024-11-20 10:22,2024-11-20 09:22:34.551359
635,2024-11-20 10:22,2024-11-20 09:22:34.762453
636,2024-11-20 10:28,2024-11-20 09:22:34.986189
637,2024-11-20 06:22,2024-11-20 09:22:35.210274
638,2024-11-20 06:22,2024-11-20 09:22:35.431306
639,2024-11-20 06:22,2024-11-20 09:22:35.632928
640,2024-11-20 06:20,2024-11-20 09:22:35.921833
641,2024-11-20 06:16,2024-11-20 09:22:36.561970
642,2024-11-20 06:22,2024-11-20 09:22:37.043352
643,2024-11-20 07:22,2024-11-20 09:22:37.273189
644,2024-11-20 07:16,2024-11-20 09:22:37.716168
645,2024-11-20 07:22,2024-11-20 09:22:38.024010
646,2024-11-20 07:22,2024-11-20 09:22:38.330381
647,2024-11-20 07:22,2024-11-20 09:22:38.638546
648,2024-11-20 07:22,2024-11-20 09:22:38.945047
649,2024-11-20 07:22,2024-11-20 09:22:39.252263
650,2024-11-20 07:22,2024-11-20 09:22:39.560440
651,2024-11-20 07:22,2024-11-20 09:22:39.866602
652,2024-11-20 07:22,2024-11-20 09:22:40.173796
653,2024-11-20 08:16,2024-11-20 09:22:40.481633
654,2024-11-20 08:20,2024-11-20 09:22:40.821393
655,2024-11-20 08:22,2024-11-20 09:22:41.095500
656,2024-11-20 08:22,2024-11-20 09:22:41.504854
657,2024-11-20 08:16,2024-11-20 09:22:41.813641
658,2024-11-20 08:22,2024-11-20 09:22:42.121013
659,2024-11-20 08:22,2024-11-20 09:22:42.428403
660,2024-11-20 08:16,2024-11-20 09:22:42.735376
661,2024-11-20 08:28,2024-11-20 09:22:42.944782
662,2024-11-20 08:20,2024-11-20 09:22:43.246141
663,2024-11-20 08:22,2024-11-20 09:22:43.666474
664,2024-11-20 09:22,2024-11-20 09:22:43.964241
665,none,2024-11-20 09:22:44.383087
666,none,2024-11-20 09:22:44.679761
667,2024-11-20 09:22,2024-11-20 09:22:45.089936
668,2024-11-20 09:22,2024-11-20 09:22:45.601180
669,2024-11-20 09:22,2024-11-20 09:22:46.010345
670,2024-11-20 09:16,2024-11-20 09:22:46.318111
671,2024-11-20 09:22,2024-11-20 09:22:46.625286
672,2024-11-20 10:16,2024-11-20 09:22:46.902082
673,2024-11-20 10:22,2024-11-20 09:22:47.342771
674,2024-11-20 06:22,2024-11-20 09:22:47.648781
675,2024-11-20 06:28,2024-11-20 09:22:47.853357
676,2024-11-20 06:22,2024-11-20 09:22:48.072191
677,2024-11-20 06:16,2024-11-20 09:22:48.366320
678,2024-11-20 06:22,2024-11-20 09:22:48.673143
679,2024-11-20 06:16,2024-11-20 09:22:48.979720
680,2024-11-20 07:20,2024-11-20 09:22:49.287441
681,2024-11-20 07:16,2024-11-20 09:22:49.594546
682,2024-11-20 07:16,2024-11-20 09:22:49.799111
683,2024-11-20 07:22,2024-11-20 09:22:49.999145
684,2024-11-20 07:16,2024-11-20 09:22:50.207227
685,2024-11-20 07:22,2024-11-20 09:22:50.415018
686,2024-11-20 07:22,2024-11-20 09:22:50.619800
687,2024-11-20 07:22,2024-11-20 09:22:50.829118
688,2024-11-20 07:22,2024-11-20 09:22:51.049798
689,2024-11-20 07:22,2024-11-20 09:22:51.254715
690,2024-11-20 08:22,2024-11-20 09:22:51.475306
691,2024-11-20 08:16,2024-11-20 09:22:51.691596
692,2024-11-20 08:22,2024-11-20 09:22:51.906622
693,2024-11-20 08:22,2024-11-20 09:22:52.113264
694,2024-11-20 08:20,2024-11-20 09:22:52.308567
695,2024-11-20 08:22,2024-11-20 09:22:52.527010
696,2024-11-20 08:22,2024-11-20 09:22:52.772903
697,2024-11-20 08:22,2024-11-20 09:22:52.995254
698,2024-11-20 08:22,2024-11-20 09:22:53.218779
699,2024-11-20 08:22,2024-11-20 09:22:53.432383
700,2024-11-20 08:20,2024-11-20 09:22:53.648014
701,2024-11-20 09:16,2024-11-20 09:22:53.854696
702,none,2024-11-20 09:22:54.168895
703,none,2024-11-20 09:22:54.362931
704,2024-11-20 09:16,2024-11-20 09:22:54.587087
705,2024-11-20 09:22,2024-11-20 09:22:54.793324
706,2024-11-20 09:22,2024-11-20 09:22:55.007285
707,2024-11-20 09:22,2024-11-20 09:22:55.215429
708,2024-11-20 09:20,2024-11-20 09:22:55.419059
709,2024-11-20 09:22,2024-11-20 09:22:55.627383
710,2024-11-20 10:22,2024-11-20 09:22:55.848972
711,2024-11-20 06:16,2024-11-20 09:22:56.073333
712,2024-11-20 06:22,2024-11-20 09:22:56.292707
713,2024-11-20 06:22,2024-11-20 09:22:56.510028
714,2024-11-20 06:22,2024-11-20 09:22:56.723544
715,2024-11-20 06:22,2024-11-20 09:22:56.948292
716,2024-11-20 07:22,2024-11-20 09:22:57.173522
717,2024-11-20 07:22,2024-11-20 09:22:57.387756
718,2024-11-20 07:22,2024-11-20 09:22:57.603530
719,2024-11-20 07:22,2024-11-20 09:22:57.835577
720,2024-11-20 07:22,2024-11-20 09:22:58.079663
721,2024-11-20 07:29,2024-11-20 09:22:58.277737
722,2024-11-20 07:22,2024-11-20 09:22:58.494208
723,2024-11-20 07:22,2024-11-20 09:23:01.780767
724,2024-11-20 07:22,2024-11-20 09:23:02.089147
725,2024-11-20 07:22,2024-11-20 09:23:02.395583
726,2024-11-20 07:22,2024-11-20 09:23:02.702412
727,2024-11-20 07:22,2024-11-20 09:23:03.115273
728,2024-11-20 08:23,2024-11-20 09:23:03.419257
729,2024-11-20 08:22,2024-11-20 09:23:03.725869
730,2024-11-20 08:16,2024-11-20 09:23:04.033611
731,2024-11-20 08:22,2024-11-20 09:23:04.341731
732,2024-11-20 08:20,2024-11-20 09:23:04.750576
733,2024-11-20 08:20,2024-11-20 09:23:05.058143
734,2024-11-20 08:22,2024-11-20 09:23:05.364771
735,2024-11-20 08:20,2024-11-20 09:23:05.671739
736,2024-11-20 08:22,2024-11-20 09:23:05.979464
737,2024-11-20 08:16,2024-11-20 09:23:06.492491
738,2024-11-20 09:22,2024-11-20 09:23:06.798911
739,2024-11-20 09:22,2024-11-20 09:23:07.106938
740,2024-11-20 09:20,2024-11-20 09:23:07.413406
741,none,2024-11-20 09:23:07.720660
742,2024-11-20 09:22,2024-11-20 09:23:08.130149
743,2024-11-20 09:29,2024-11-20 09:23:08.437179
744,2024-11-20 09:22,2024-11-20 09:23:08.744871
745,2024-11-20 10:23,2024-11-20 09:23:09.051732
746,2024-11-20 06:22,2024-11-20 09:23:09.461444
747,2024-11-20 05:29,2024-11-20 09:23:09.768880
748,2024-11-20 05:16,2024-11-20 09:23:10.075667
749,2024-11-20 06:22,2024-11-20 09:23:10.587368
750,2024-11-20 06:22,2024-11-20 09:23:10.895368
751,2024-11-20 07:22,2024-11-20 09:23:11.202065
752,2024-11-20 06:22,2024-11-20 09:23:11.509430
753,2024-11-20 06:22,2024-11-20 09:23:11.816806
754,2024-11-20 07:23,2024-11-20 09:23:12.124170
755,2024-11-20 07:16,2024-11-20 09:23:12.533900
756,2024-11-20 07:29,2024-11-20 09:23:13.045653
757,2024-11-20 07:22,2024-11-20 09:23:13.352135
758,2024-11-20 07:22,2024-11-20 09:23:13.659716
759,2024-11-20 07:16,2024-11-20 09:23:13.966376
760,2024-11-20 07:22,2024-11-20 09:23:14.273784
761,2024-11-20 07:23,2024-11-20 09:23:14.581769
762,2024-11-20 07:23,2024-11-20 09:23:14.990550
763,2024-11-20 07:23,2024-11-20 09:23:15.401037
764,2024-11-20 07:16,2024-11-20 09:23:15.708149
765,2024-11-20 08:22,2024-11-20 09:23:16.007578
766,2024-11-20 08:23,2024-11-20 09:23:16.424712
767,2024-11-20 08:20,2024-11-20 09:23:16.732450
768,2024-11-20 08:23,2024-11-20 09:23:17.039846
769,2024-11-20 08:22,2024-11-20 09:23:17.345838
770,2024-11-20 08:23,2024-11-20 09:23:17.653312
771,2024-11-20 08:16,2024-11-20 09:23:17.961663
772,2024-11-20 08:22,2024-11-20 09:23:18.267613
773,2024-11-20 08:22,2024-11-20 09:23:18.576173
774,2024-11-20 08:23,2024-11-20 09:23:18.985677
775,2024-11-20 08:22,2024-11-20 09:23:19.498317
776,2024-11-20 09:16,2024-11-20 09:23:19.804577
777,2024-11-20 09:16,2024-11-20 09:23:20.110506
778,2024-11-20 09:16,2024-11-20 09:23:20.419816
779,2024-11-20 09:23,2024-11-20 09:23:20.726854
780,2024-11-20 09:23,2024-11-20 09:23:21.034095
781,2024-11-20 09:16,2024-11-20 09:23:21.256753
782,2024-11-20 10:23,2024-11-20 09:23:21.545822
783,2024-11-20 07:22,2024-11-20 09:23:21.956295
784,2024-11-20 07:23,2024-11-20 09:23:22.262934
785,2024-11-20 07:21,2024-11-20 09:23:22.571389
786,2024-11-20 07:21,2024-11-20 09:23:22.877137
787,2024-11-20 07:23,2024-11-20 09:23:23.184233
788,2024-11-20 07:22,2024-11-20 09:23:23.491785
789,2024-11-20 07:23,2024-11-20 09:23:23.799603
790,2024-11-20 07:17,2024-11-20 09:23:24.105510
791,2024-11-20 07:23,2024-11-20 09:23:24.618825
792,2024-11-20 07:23,2024-11-20 09:23:25.129357
793,2024-11-20 07:23,2024-11-20 09:23:25.437346
794,2024-11-20 07:23,2024-11-20 09:23:25.744594
795,2024-11-20 07:23,2024-11-20 09:23:26.050734
796,2024-11-20 07:17,2024-11-20 09:23:26.359349
797,2024-11-20 07:23,2024-11-20 09:23:26.665821
798,2024-11-20 07:17,2024-11-20 09:23:26.972189
799,2024-11-20 07:29,2024-11-20 09:23:27.280272
800,2024-11-20 07:23,2024-11-20 09:23:27.587020
801,2024-11-20 07:23,2024-11-20 09:23:27.894920
802,2024-11-20 07:23,2024-11-20 09:23:28.202470
803,2024-11-20 08:23,2024-11-20 09:23:28.508421
804,2024-11-20 08:23,2024-11-20 09:23:28.815997
805,2024-11-20 08:23,2024-11-20 09:23:29.122193
806,2024-11-20 08:23,2024-11-20 09:23:29.429785
807,2024-11-20 08:17,2024-11-20 09:23:29.737796
808,2024-11-20 08:23,2024-11-20 09:23:30.044504
809,2024-11-20 08:23,2024-11-20 09:23:30.352047
810,2024-11-20 08:17,2024-11-20 09:23:30.659278
811,2024-11-20 08:23,2024-11-20 09:23:30.966659
812,2024-11-20 08:23,2024-11-20 09:23:31.478043
813,2024-11-20 09:23,2024-11-20 09:23:31.787030
814,2024-11-20 09:23,2024-11-20 09:23:32.092929
815,2024-11-20 09:17,2024-11-20 09:23:32.503566
816,2024-11-20 09:17,2024-11-20 09:23:32.809744
817,2024-11-20 09:23,2024-11-20 09:23:33.117457
818,2024-11-20 07:17,2024-11-20 09:23:33.424178
819,2024-11-20 07:23,2024-11-20 09:23:33.731204
820,2024-11-20 07:23,2024-11-20 09:23:34.038424
821,2024-11-20 07:23,2024-11-20 09:23:34.345650
822,2024-11-20 07:23,2024-11-20 09:23:34.655340
823,2024-11-20 07:23,2024-11-20 09:23:35.062925
824,2024-11-20 07:17,2024-11-20 09:23:35.369935
825,2024-11-20 07:23,2024-11-20 09:23:35.677543
826,2024-11-20 07:23,2024-11-20 09:23:35.983626
827,2024-11-20 07:23,2024-11-20 09:23:36.291184
828,2024-11-20 07:21,2024-11-20 09:23:36.598122
829,2024-11-20 07:23,2024-11-20 09:23:36.905595
830,2024-11-20 07:21,2024-11-20 09:23:37.212695
831,2024-11-20 07:29,2024-11-20 09:23:37.519662
832,2024-11-20 07:23,2024-11-20 09:23:37.828192
833,2024-11-20 07:23,2024-11-20 09:23:38.134781
834,2024-11-20 07:23,2024-11-20 09:23:38.442461
835,2024-11-20 07:29,2024-11-20 09:23:38.748868
836,2024-11-20 07:23,2024-11-20 09:23:39.056518
837,2024-11-20 07:29,2024-11-20 09:23:39.466064
838,2024-11-20 07:23,2024-11-20 09:23:39.877115
839,2024-11-20 07:23,2024-11-20 09:23:40.181297
840,2024-11-20 08:23,2024-11-20 09:23:40.490417
841,2024-11-20 08:23,2024-11-20 09:23:40.797574
842,2024-11-20 08:23,2024-11-20 09:23:41.104579
843,2024-11-20 08:23,2024-11-20 09:23:41.411532
844,2024-11-20 08:23,2024-11-20 09:23:41.923164
845,2024-11-20 08:29,2024-11-20 09:23:42.230053
846,2024-11-20 08:23,2024-11-20 09:23:42.742416
847,2024-11-20 08:23,2024-11-20 09:23:43.151956
848,2024-11-20 08:23,2024-11-20 09:23:43.562152
849,2024-11-20 09:17,2024-11-20 09:23:43.786145
850,2024-11-20 09:23,2024-11-20 09:23:44.074503
851,2024-11-20 09:23,2024-11-20 09:23:44.381300
852,2024-11-20 09:17,2024-11-20 09:23:44.689121
853,2024-11-20 09:23,2024-11-20 09:23:44.996188
854,2024-11-20 09:23,2024-11-20 09:23:45.303144
855,2024-11-20 07:17,2024-11-20 09:23:45.610757
856,2024-11-20 07:23,2024-11-20 09:23:45.917589
857,2024-11-20 07:17,2024-11-20 09:23:46.223193
858,2024-11-20 07:23,2024-11-20 09:23:46.531378
859,2024-11-20 07:23,2024-11-20 09:23:46.838769
860,2024-11-20 07:23,2024-11-20 09:23:47.146419
861,2024-11-20 07:23,2024-11-20 09:23:47.453233
862,2024-11-20 07:23,2024-11-20 09:23:47.760703
863,2024-11-20 07:23,2024-11-20 09:23:48.067740
864,2024-11-20 07:29,2024-11-20 09:23:48.375079
865,2024-11-20 07:21,2024-11-20 09:23:48.682571
866,2024-11-20 07:17,2024-11-20 09:23:48.989167
867,2024-11-20 07:23,2024-11-20 09:23:49.296269
868,2024-11-20 07:17,2024-11-20 09:23:49.603911
869,2024-11-20 07:17,2024-11-20 09:23:49.910498
870,2024-11-20 07:23,2024-11-20 09:23:50.218723
871,2024-11-20 07:17,2024-11-20 09:23:50.525805
872,2024-11-20 07:29,2024-11-20 09:23:50.832886
873,2024-11-20 07:23,2024-11-20 09:23:51.140101
874,2024-11-20 07:23,2024-11-20 09:23:51.447410
875,2024-11-20 07:23,2024-11-20 09:23:51.754817
876,2024-11-20 07:23,2024-11-20 09:23:52.062018
877,2024-11-20 07:23,2024-11-20 09:23:52.368905
878,none,2024-11-20 09:23:52.676643
879,2024-11-20 08:23,2024-11-20 09:23:52.982881
880,2024-11-20 08:23,2024-11-20 09:23:53.290308
881,2024-11-20 08:23,2024-11-20 09:23:53.597314
882,2024-11-20 08:17,2024-11-20 09:23:53.905067
883,2024-11-20 08:23,2024-11-20 09:23:54.212922
884,2024-11-20 08:30,2024-11-20 09:23:54.519500
885,2024-11-20 08:23,2024-11-20 09:23:54.826915
886,2024-11-20 08:23,2024-11-20 09:23:55.133351
887,2024-11-20 09:23,2024-11-20 09:23:55.441210
888,2024-11-20 09:23,2024-11-20 09:23:55.747806
889,2024-11-20 09:23,2024-11-20 09:23:56.055513
890,2024-11-20 09:30,2024-11-20 09:23:56.362512
891,2024-11-20 07:23,2024-11-20 09:23:56.669907
892,2024-11-20 07:30,2024-11-20 09:23:56.976754
893,2024-11-20 07:30,2024-11-20 09:23:57.284593
894,2024-11-20 07:23,2024-11-20 09:23:57.591599
895,2024-11-20 07:17,2024-11-20 09:23:57.898882
896,2024-11-20 07:17,2024-11-20 09:23:58.205542
897,2024-11-20 07:23,2024-11-20 09:23:58.512726
898,2024-11-20 07:30,2024-11-20 09:23:58.819646
899,2024-11-20 07:23,2024-11-20 09:23:59.127537
900,2024-11-20 07:23,2024-11-20 09:23:59.434933
901,2024-11-20 07:23,2024-11-20 09:23:59.741917
902,2024-11-20 07:17,2024-11-20 09:24:00.049373
903,2024-11-20 07:17,2024-11-20 09:24:00.356086
904,2024-11-20 07:23,2024-11-20 09:24:00.663870
905,2024-11-20 07:23,2024-11-20 09:24:00.971597
906,2024-11-20 07:23,2024-11-20 09:24:01.278310
907,2024-11-20 07:17,2024-11-20 09:24:01.585216
908,2024-11-20 07:17,2024-11-20 09:24:01.892672
909,2024-11-20 07:23,2024-11-20 09:24:02.199403
910,2024-11-20 07:23,2024-11-20 09:24:02.507285
911,2024-11-20 07:23,2024-11-20 09:24:02.814822
912,2024-11-20 07:23,2024-11-20 09:24:03.065977
913,2024-11-20 07:17,2024-11-20 09:24:03.325801
914,2024-11-20 07:17,2024-11-20 09:24:03.839048
915,none,2024-11-20 09:24:04.145514
916,2024-11-20 08:23,2024-11-20 09:24:04.452472
917,2024-11-20 08:23,2024-11-20 09:24:04.759557
918,2024-11-20 08:23,2024-11-20 09:24:05.169270
919,2024-11-20 08:23,2024-11-20 09:24:05.476516
920,2024-11-20 08:23,2024-11-20 09:24:05.783927
921,2024-11-20 08:30,2024-11-20 09:24:06.090734
922,2024-11-20 08:21,2024-11-20 09:24:06.398038
923,2024-11-20 08:23,2024-11-20 09:24:06.705827
924,2024-11-20 09:30,2024-11-20 09:24:07.012879
925,2024-11-20 09:30,2024-11-20 09:24:07.320297
926,2024-11-20 09:23,2024-11-20 09:24:07.627394
927,2024-11-20 09:23,2024-11-20 09:24:07.934362
928,2024-11-20 07:23,2024-11-20 09:24:08.241914
929,2024-11-20 07:23,2024-11-20 09:24:08.651200
930,2024-11-20 07:17,2024-11-20 09:24:08.959384
931,2024-11-20 07:21,2024-11-20 09:24:09.265721
932,2024-11-20 07:17,2024-11-20 09:24:09.573139
933,2024-11-20 07:23,2024-11-20 09:24:09.880071
934,2024-11-20 07:17,2024-11-20 09:24:10.187666
935,2024-11-20 07:23,2024-11-20 09:24:10.699635
936,2024-11-20 07:17,2024-11-20 09:24:11.006476
937,2024-11-20 07:17,2024-11-20 09:24:11.314154
938,2024-11-20 07:23,2024-11-20 09:24:11.620367
939,2024-11-20 07:17,2024-11-20 09:24:11.928212
940,2024-11-20 07:23,2024-11-20 09:24:12.235207
941,2024-11-20 07:23,2024-11-20 09:24:12.542521
942,2024-11-20 07:23,2024-11-20 09:24:12.849695
943,2024-11-20 07:24,2024-11-20 09:24:13.157647
944,2024-11-20 07:21,2024-11-20 09:24:13.464517
945,2024-11-20 07:23,2024-11-20 09:24:13.774290
946,2024-11-20 07:17,2024-11-20 09:24:14.079097
947,2024-11-20 07:23,2024-11-20 09:24:14.386563
948,2024-11-20 07:23,2024-11-20 09:24:14.694524
949,2024-11-20 07:24,2024-11-20 09:24:15.205727
950,2024-11-20 07:24,2024-11-20 09:24:15.513310
951,2024-11-20 07:23,2024-11-20 09:24:15.819886
952,none,2024-11-20 09:24:16.127036
953,none,2024-11-20 09:24:16.537032
954,none,2024-11-20 09:24:16.843698
955,none,2024-11-20 09:24:17.151398
956,2024-11-20 08:17,2024-11-20 09:24:17.458152
957,2024-11-20 08:23,2024-11-20 09:24:17.765783
958,2024-11-20 08:23,2024-11-20 09:24:18.174486
959,2024-11-20 08:23,2024-11-20 09:24:18.482749
960,2024-11-20 08:23,2024-11-20 09:24:18.790030
961,2024-11-20 08:23,2024-11-20 09:24:19.097318
962,2024-11-20 09:24,2024-11-20 09:24:19.404356
963,2024-11-20 09:17,2024-11-20 09:24:19.711259
964,2024-11-20 09:24,2024-11-20 09:24:20.019288
965,2024-11-20 07:17,2024-11-20 09:24:20.428199
966,2024-11-20 07:23,2024-11-20 09:24:20.735903
967,2024-11-20 07:17,2024-11-20 09:24:21.042825
968,2024-11-20 07:17,2024-11-20 09:24:21.554303
969,2024-11-20 07:30,2024-11-20 09:24:21.861357
970,2024-11-20 07:24,2024-11-20 09:24:22.168648
971,2024-11-20 07:23,2024-11-20 09:24:22.476045
972,2024-11-20 07:24,2024-11-20 09:24:22.885659
973,2024-11-20 07:23,2024-11-20 09:24:23.193077
974,2024-11-20 07:23,2024-11-20 09:24:23.499898
975,2024-11-20 07:23,2024-11-20 09:24:23.808065
976,2024-11-20 07:18,2024-11-20 09:24:24.114798
977,2024-11-20 07:23,2024-11-20 09:24:24.422154
978,2024-11-20 07:24,2024-11-20 09:24:24.729499
979,2024-11-20 07:18,2024-11-20 09:24:25.036015
980,2024-11-20 07:18,2024-11-20 09:24:25.344357
981,2024-11-20 07:24,2024-11-20 09:24:25.650466
982,2024-11-20 07:18,2024-11-20 09:24:25.957607
983,2024-11-20 07:22,2024-11-20 09:24:26.367518
984,2024-11-20 07:22,2024-11-20 09:24:26.880117
985,2024-11-20 07:18,2024-11-20 09:24:27.186935
986,2024-11-20 07:24,2024-11-20 09:24:27.494326
987,2024-11-20 07:24,2024-11-20 09:24:27.801132
988,none,2024-11-20 09:24:28.108834
989,none,2024-11-20 09:24:28.416024
990,none,2024-11-20 09:24:28.722936
991,none,2024-11-20 09:24:29.132553
992,2024-11-20 08:18,2024-11-20 09:24:29.439963
993,2024-11-20 08:18,2024-11-20 09:24:29.849363
994,2024-11-20 08:24,2024-11-20 09:24:30.156368
995,2024-11-20 08:18,2024-11-20 09:24:30.565908
996,2024-11-20 08:18,2024-11-20 09:24:30.873546
997,2024-11-20 08:24,2024-11-20 09:24:31.385235
998,2024-11-20 09:24,2024-11-20 09:24:31.692473
999,2024-11-20 09:18,2024-11-20 09:24:32.000224
1000,2024-11-20 09:24,2024-11-20 09:24:32.321659
1001,2024-11-20 09:24,2024-11-20 09:24:32.716368
1002,2024-11-20 09:18,2024-11-20 09:24:33.022971
1003,2024-11-20 09:24,2024-11-20 09:24:33.330477
1004,2024-11-20 09:22,2024-11-20 09:24:33.639303
1005,2024-11-20 09:24,2024-11-20 09:24:33.945710
1006,2024-11-20 09:24,2024-11-20 09:24:34.253544
1007,2024-11-20 07:24,2024-11-20 09:24:34.560009
1008,2024-11-20 07:24,2024-11-20 09:24:34.867954
1009,2024-11-20 07:24,2024-11-20 09:24:35.174596
1010,2024-11-20 07:24,2024-11-20 09:24:35.481835
1011,2024-11-20 07:24,2024-11-20 09:24:35.789530
1012,2024-11-20 07:24,2024-11-20 09:24:36.096680
1013,2024-11-20 07:24,2024-11-20 09:24:36.505693
1014,2024-11-20 07:24,2024-11-20 09:24:36.812373
1015,2024-11-20 07:24,2024-11-20 09:24:37.120303
1016,2024-11-20 07:18,2024-11-20 09:24:37.529435
1017,2024-11-20 07:24,2024-11-20 09:24:37.838133
1018,2024-11-20 07:24,2024-11-20 09:24:38.144071
1019,2024-11-20 07:18,2024-11-20 09:24:38.451399
1020,2024-11-20 07:18,2024-11-20 09:24:38.758447
1021,2024-11-20 07:22,2024-11-20 09:24:39.065542
1022,2024-11-20 07:24,2024-11-20 09:24:39.475183
1023,2024-11-20 07:24,2024-11-20 09:24:39.783510
1024,2024-11-20 07:18,2024-11-20 09:24:40.090777
1025,2024-11-20 07:24,2024-11-20 09:24:40.500163
1026,2024-11-20 07:22,2024-11-20 09:24:40.807588
1027,2024-11-20 07:24,2024-11-20 09:24:41.114544
1028,2024-11-20 07:22,2024-11-20 09:24:41.626517
1029,none,2024-11-20 09:24:41.933124
1030,none,2024-11-20 09:24:42.240635
1031,none,2024-11-20 09:24:42.547510
1032,none,2024-11-20 09:24:42.854868
1033,none,2024-11-20 09:24:43.162759
1034,2024-11-20 08:24,2024-11-20 09:24:43.469205
1035,2024-11-20 08:24,2024-11-20 09:24:43.776852
1036,2024-11-20 08:24,2024-11-20 09:24:44.084075
1037,2024-11-20 08:18,2024-11-20 09:24:44.391088
1038,2024-11-20 08:24,2024-11-20 09:24:44.698556
1039,2024-11-20 08:18,2024-11-20 09:24:45.005779
1040,2024-11-20 08:18,2024-11-20 09:24:45.313495
1041,2024-11-20 08:18,2024-11-20 09:24:45.622213
1042,2024-11-20 08:22,2024-11-20 09:24:45.927610
1043,2024-11-20 09:18,2024-11-20 09:24:46.234427
1044,2024-11-20 09:24,2024-11-20 09:24:46.541801
1045,2024-11-20 09:24,2024-11-20 09:24:46.849906
1046,2024-11-20 09:24,2024-11-20 09:24:47.156764
1047,2024-11-20 09:24,2024-11-20 09:24:47.668762
1048,2024-11-20 09:24,2024-11-20 09:24:48.077912
1049,2024-11-20 09:24,2024-11-20 09:24:48.487751
1050,2024-11-20 09:24,2024-11-20 09:24:48.794534
1051,2024-11-20 09:24,2024-11-20 09:24:49.102016
1052,2024-11-20 09:24,2024-11-20 09:24:49.409846
1053,2024-11-20 09:22,2024-11-20 09:24:49.716530
1054,2024-11-20 09:24,2024-11-20 09:24:50.024284
1055,2024-11-20 07:18,2024-11-20 09:24:50.331510
1056,2024-11-20 07:30,2024-11-20 09:24:50.637888
1057,2024-11-20 07:24,2024-11-20 09:24:50.945514
1058,2024-11-20 07:18,2024-11-20 09:24:51.252840
1059,2024-11-20 07:24,2024-11-20 09:24:51.559282
1060,2024-11-20 07:24,2024-11-20 09:24:51.866998
1061,2024-11-20 07:22,2024-11-20 09:24:52.174501
1062,2024-11-20 07:24,2024-11-20 09:24:52.583920
1063,2024-11-20 07:24,2024-11-20 09:24:52.891207
1064,2024-11-20 07:24,2024-11-20 09:24:53.198081
1065,2024-11-20 07:24,2024-11-20 09:24:53.505210
1066,2024-11-20 07:24,2024-11-20 09:24:53.812314
1067,2024-11-20 07:24,2024-11-20 09:24:54.119331
1068,2024-11-20 07:24,2024-11-20 09:24:54.426693
1069,2024-11-20 07:24,2024-11-20 09:24:54.733643
1070,2024-11-20 07:24,2024-11-20 09:24:55.041251
1071,2024-11-20 07:18,2024-11-20 09:24:55.348431
1072,2024-11-20 07:31,2024-11-20 09:24:55.656044
1073,2024-11-20 07:24,2024-11-20 09:24:55.962588
1074,2024-11-20 07:24,2024-11-20 09:24:56.474651
1075,2024-11-20 07:24,2024-11-20 09:24:56.986701
1076,2024-11-20 07:22,2024-11-20 09:24:57.396644
1077,2024-11-20 07:31,2024-11-20 09:24:57.908265
1078,none,2024-11-20 09:24:58.215275
1079,none,2024-11-20 09:24:58.522683
1080,none,2024-11-20 09:24:58.829854
1081,none,2024-11-20 09:24:59.141856
1082,none,2024-11-20 09:24:59.444565
1083,2024-11-20 08:24,2024-11-20 09:24:59.751762
1084,2024-11-20 08:18,2024-11-20 09:25:00.059301
1085,2024-11-20 08:24,2024-11-20 09:25:00.366542
1086,2024-11-20 08:18,2024-11-20 09:25:00.673974
1087,2024-11-20 08:18,2024-11-20 09:25:01.083006
1088,2024-11-20 08:18,2024-11-20 09:25:01.391224
1089,2024-11-20 08:24,2024-11-20 09:25:01.799711
1090,2024-11-20 08:24,2024-11-20 09:25:02.209651
1091,2024-11-20 09:18,2024-11-20 09:25:02.516888
1092,2024-11-20 09:18,2024-11-20 09:25:02.823917
1093,2024-11-20 09:24,2024-11-20 09:25:03.131015
1094,2024-11-20 09:25,2024-11-20 09:25:03.438165
1095,2024-11-20 09:18,2024-11-20 09:25:03.745174
1096,2024-11-20 09:24,2024-11-20 09:25:04.052218
1097,2024-11-20 09:25,2024-11-20 09:25:04.360099
1098,2024-11-20 09:24,2024-11-20 09:25:04.666678
1099,2024-11-20 09:25,2024-11-20 09:25:04.974222
1100,2024-11-20 07:24,2024-11-20 09:25:05.384221
1101,2024-11-20 07:31,2024-11-20 09:25:05.691439
1102,2024-11-20 07:25,2024-11-20 09:25:05.999133
1103,2024-11-20 07:24,2024-11-20 09:25:06.305868
1104,2024-11-20 07:24,2024-11-20 09:25:06.612872
1105,2024-11-20 07:24,2024-11-20 09:25:06.920418
1106,2024-11-20 07:24,2024-11-20 09:25:07.227458
1107,2024-11-20 07:24,2024-11-20 09:25:07.534363
1108,2024-11-20 07:24,2024-11-20 09:25:07.842601
1109,2024-11-20 07:24,2024-11-20 09:25:08.149090
1110,2024-11-20 07:24,2024-11-20 09:25:08.456291
1111,2024-11-20 07:18,2024-11-20 09:25:08.762594
1112,2024-11-20 07:24,2024-11-20 09:25:09.070027
1113,2024-11-20 07:24,2024-11-20 09:25:09.377789
1114,2024-11-20 07:24,2024-11-20 09:25:09.685322
1115,2024-11-20 07:25,2024-11-20 09:25:09.994376
1116,2024-11-20 07:25,2024-11-20 09:25:10.299698
1117,2024-11-20 07:18,2024-11-20 09:25:10.607559
1118,2024-11-20 07:18,2024-11-20 09:25:10.913736
1119,2024-11-20 07:25,2024-11-20 09:25:11.222248
1120,2024-11-20 07:24,2024-11-20 09:25:11.528273
1121,2024-11-20 07:25,2024-11-20 09:25:11.835924
1122,2024-11-20 07:24,2024-11-20 09:25:12.142751
1123,2024-11-20 07:24,2024-11-20 09:25:12.450334
1124,none,2024-11-20 09:25:12.757164
1125,none,2024-11-20 09:25:13.064140
1126,none,2024-11-20 09:25:13.371330
1127,none,2024-11-20 09:25:13.678460
1128,none,2024-11-20 09:25:13.986813
1129,2024-11-20 08:18,2024-11-20 09:25:14.293730
1130,2024-11-20 08:22,2024-11-20 09:25:14.600845
1131,2024-11-20 08:24,2024-11-20 09:25:14.908246
1132,2024-11-20 08:31,2024-11-20 09:25:15.322902
1133,2024-11-20 08:25,2024-11-20 09:25:15.625044
1134,2024-11-20 08:18,2024-11-20 09:25:16.136700
1135,2024-11-20 08:24,2024-11-20 09:25:16.444141
1136,2024-11-20 08:24,2024-11-20 09:25:16.750923
1137,2024-11-20 08:24,2024-11-20 09:25:17.060414
1138,2024-11-20 09:18,2024-11-20 09:25:17.366255
1139,2024-11-20 09:25,2024-11-20 09:25:17.673479
1140,2024-11-20 09:18,2024-11-20 09:25:17.980784
1141,2024-11-20 09:18,2024-11-20 09:25:18.389913
1142,2024-11-20 09:24,2024-11-20 09:25:18.697116
1143,2024-11-20 09:18,2024-11-20 09:25:19.003907
1144,2024-11-20 07:25,2024-11-20 09:25:19.310897
1145,2024-11-20 07:24,2024-11-20 09:25:19.619030
1146,2024-11-20 07:25,2024-11-20 09:25:20.131206
1147,2024-11-20 07:24,2024-11-20 09:25:20.437695
1148,2024-11-20 07:31,2024-11-20 09:25:20.744421
1149,2024-11-20 07:24,2024-11-20 09:25:21.154463
1150,2024-11-20 07:24,2024-11-20 09:25:21.462459
1151,2024-11-20 07:31,2024-11-20 09:25:21.870034
1152,2024-11-20 07:25,2024-11-20 09:25:22.178666
1153,2024-11-20 07:25,2024-11-20 09:25:22.486199
1154,2024-11-20 07:19,2024-11-20 09:25:22.792404
1155,2024-11-20 07:25,2024-11-20 09:25:23.100720
1156,2024-11-20 07:31,2024-11-20 09:25:23.406961
1157,2024-11-20 07:24,2024-11-20 09:25:23.714665
1158,2024-11-20 07:19,2024-11-20 09:25:24.125499
1159,2024-11-20 07:23,2024-11-20 09:25:24.431470
1160,2024-11-20 07:25,2024-11-20 09:25:24.738070
1161,2024-11-20 07:25,2024-11-20 09:25:25.044700
1162,2024-11-20 07:25,2024-11-20 09:25:25.352456
1163,2024-11-20 07:25,2024-11-20 09:25:25.659568
1164,2024-11-20 07:19,2024-11-20 09:25:25.967609
1165,2024-11-20 07:25,2024-11-20 09:25:26.272786
1166,2024-11-20 07:25,2024-11-20 09:25:26.579711
1167,2024-11-20 07:25,2024-11-20 09:25:26.887708
1168,2024-11-20 07:25,2024-11-20 09:25:27.196850
1169,2024-11-20 07:25,2024-11-20 09:25:27.708172
1170,2024-11-20 07:25,2024-11-20 09:25:28.014925
1171,2024-11-20 07:25,2024-11-20 09:25:28.321716
1172,none,2024-11-20 09:25:28.629180
1173,none,2024-11-20 09:25:29.142513
1174,none,2024-11-20 09:25:29.447954
1175,2024-11-20 08:25,2024-11-20 09:25:29.726376
1176,2024-11-20 08:23,2024-11-20 09:25:30.062419
1177,2024-11-20 08:25,2024-11-20 09:25:30.371017
1178,2024-11-20 08:19,2024-11-20 09:25:30.677204
1179,2024-11-20 08:25,2024-11-20 09:25:30.982941
1180,2024-11-20 08:19,2024-11-20 09:25:31.291248
1181,2024-11-20 08:25,2024-11-20 09:25:31.600345
1182,2024-11-20 09:19,2024-11-20 09:25:31.906266
1183,2024-11-20 09:25,2024-11-20 09:25:32.214845
1184,2024-11-20 09:25,2024-11-20 09:25:32.624313
1185,2024-11-20 09:19,2024-11-20 09:25:32.931967
1186,2024-11-20 09:25,2024-11-20 09:25:33.236809
1187,2024-11-20 09:19,2024-11-20 09:25:33.544671
1188,2024-11-20 09:25,2024-11-20 09:25:33.851812
1189,2024-11-20 09:19,2024-11-20 09:25:34.160939
1190,2024-11-20 07:25,2024-11-20 09:25:34.468161
1191,2024-11-20 07:19,2024-11-20 09:25:34.773083
1192,2024-11-20 07:25,2024-11-20 09:25:35.080051
1193,2024-11-20 07:19,2024-11-20 09:25:35.387741
1194,2024-11-20 07:25,2024-11-20 09:25:35.799203
1195,2024-11-20 07:25,2024-11-20 09:25:36.104707
1196,2024-11-20 07:25,2024-11-20 09:25:36.412377
1197,2024-11-20 07:19,2024-11-20 09:25:36.720527
1198,2024-11-20 07:19,2024-11-20 09:25:37.027684
1199,2024-11-20 07:25,2024-11-20 09:25:37.333418
1200,2024-11-20 07:25,2024-11-20 09:25:37.641769
1201,2024-11-20 07:25,2024-11-20 09:25:38.256339
1202,2024-11-20 07:25,2024-11-20 09:25:38.563824
1203,2024-11-20 07:25,2024-11-20 09:25:38.870038
1204,2024-11-20 07:25,2024-11-20 09:25:39.177463
1205,2024-11-20 07:25,2024-11-20 09:25:39.485623
1206,2024-11-20 07:25,2024-11-20 09:25:39.791918
1207,2024-11-20 07:19,2024-11-20 09:25:40.098349
1208,2024-11-20 07:25,2024-11-20 09:25:46.506970
1209,2024-11-20 07:25,2024-11-20 09:25:46.856809
1210,2024-11-20 07:19,2024-11-20 09:25:47.165479
1211,2024-11-20 07:25,2024-11-20 09:25:47.470452
1212,2024-11-20 07:25,2024-11-20 09:25:47.778285
1213,2024-11-20 07:25,2024-11-20 09:25:48.084806
1214,2024-11-20 07:25,2024-11-20 09:25:48.392741
1215,2024-11-20 07:25,2024-11-20 09:25:48.699950
1216,2024-11-20 07:25,2024-11-20 09:25:49.006558
1217,2024-11-20 07:25,2024-11-20 09:25:49.416501
1218,2024-11-20 07:25,2024-11-20 09:25:49.723460
1219,2024-11-20 07:25,2024-11-20 09:25:50.031932
1220,2024-11-20 07:23,2024-11-20 09:25:50.330488
1221,2024-11-20 07:25,2024-11-20 09:25:50.646174
1222,2024-11-20 08:25,2024-11-20 09:25:50.951909
1223,2024-11-20 08:25,2024-11-20 09:25:51.361926
1224,2024-11-20 08:25,2024-11-20 09:25:51.668882
1225,2024-11-20 08:19,2024-11-20 09:25:51.976781
1226,2024-11-20 08:25,2024-11-20 09:25:52.283486
1227,2024-11-20 08:19,2024-11-20 09:25:52.590753
1228,2024-11-20 08:25,2024-11-20 09:25:52.898000
1229,2024-11-20 09:25,2024-11-20 09:25:53.206693
1230,2024-11-20 09:25,2024-11-20 09:25:53.512087
1231,2024-11-20 09:19,2024-11-20 09:25:53.923788
1232,2024-11-20 09:25,2024-11-20 09:25:54.230884
1233,2024-11-20 09:25,2024-11-20 09:25:54.538206
1234,2024-11-20 09:25,2024-11-20 09:25:54.845409
1235,2024-11-20 07:25,2024-11-20 09:25:55.152075
1236,2024-11-20 07:25,2024-11-20 09:25:55.458047
1237,2024-11-20 07:19,2024-11-20 09:25:55.765488
1238,2024-11-20 07:25,2024-11-20 09:25:56.277735
1239,2024-11-20 07:25,2024-11-20 09:25:56.584069
1240,2024-11-20 07:19,2024-11-20 09:25:57.095957
1241,2024-11-20 07:25,2024-11-20 09:25:57.404283
1242,2024-11-20 07:25,2024-11-20 09:25:57.711311
1243,2024-11-20 07:26,2024-11-20 09:26:00.168926
1244,2024-11-20 07:25,2024-11-20 09:26:00.781772
1245,2024-11-20 07:25,2024-11-20 09:26:01.092801
1246,2024-11-20 07:32,2024-11-20 09:26:01.397797
1247,2024-11-20 07:25,2024-11-20 09:26:01.704227
1248,none,2024-11-20 09:26:02.113761
1249,2024-11-20 07:25,2024-11-20 09:26:02.421974
1250,2024-11-20 07:19,2024-11-20 09:26:02.730553
1251,2024-11-20 07:25,2024-11-20 09:26:03.035845
1252,2024-11-20 07:25,2024-11-20 09:26:03.345153
1253,2024-11-20 07:19,2024-11-20 09:26:03.855682
1254,2024-11-20 07:25,2024-11-20 09:26:04.265277
1255,2024-11-20 07:25,2024-11-20 09:26:04.572222
1256,2024-11-20 07:19,2024-11-20 09:26:04.982152
1257,2024-11-20 07:32,2024-11-20 09:26:05.390726
1258,2024-11-20 07:25,2024-11-20 09:26:05.698479
1259,2024-11-20 07:19,2024-11-20 09:26:06.006186
1260,2024-11-20 07:19,2024-11-20 09:26:06.315744
1261,2024-11-20 07:25,2024-11-20 09:26:06.927793
1262,2024-11-20 07:26,2024-11-20 09:26:07.234623
1263,2024-11-20 07:23,2024-11-20 09:26:07.643733
1264,2024-11-20 07:25,2024-11-20 09:26:07.951738
1265,2024-11-20 07:25,2024-11-20 09:26:08.259760
1266,2024-11-20 08:25,2024-11-20 09:26:08.668186
1267,2024-11-20 09:19,2024-11-20 09:26:08.975551
1268,none,2024-11-20 09:26:09.282540
1269,2024-11-20 09:19,2024-11-20 09:26:09.694198
1270,2024-11-20 09:26,2024-11-20 09:26:09.999251
1271,2024-11-20 09:25,2024-11-20 09:26:10.306642
1272,2024-11-20 09:25,2024-11-20 09:26:11.022244
1273,2024-11-20 07:25,2024-11-20 09:26:11.330468
1274,2024-11-20 07:25,2024-11-20 09:26:11.637421
1275,2024-11-20 07:25,2024-11-20 09:26:11.944357
1276,2024-11-20 07:25,2024-11-20 09:26:12.354362
1277,2024-11-20 07:26,2024-11-20 09:26:12.661341
1278,2024-11-20 07:19,2024-11-20 09:26:12.968426
1279,2024-11-20 07:25,2024-11-20 09:26:13.275256
1280,2024-11-20 07:19,2024-11-20 09:26:13.788160
1281,2024-11-20 07:25,2024-11-20 09:26:14.096726
1282,2024-11-20 07:25,2024-11-20 09:26:14.402414
1283,2024-11-20 07:23,2024-11-20 09:26:14.709572
1284,2024-11-20 07:25,2024-11-20 09:26:18.601289
1285,2024-11-20 07:26,2024-11-20 09:26:18.910014
1286,2024-11-20 07:32,2024-11-20 09:26:19.214933
1287,2024-11-20 07:19,2024-11-20 09:26:19.522570
1288,2024-11-20 07:19,2024-11-20 09:26:19.829498
1289,2024-11-20 07:25,2024-11-20 09:26:20.136571
1290,2024-11-20 07:26,2024-11-20 09:26:20.443442
1291,2024-11-20 07:25,2024-11-20 09:26:20.750650
1292,2024-11-20 07:19,2024-11-20 09:26:21.058072
1293,2024-11-20 07:25,2024-11-20 09:26:21.365384
1294,2024-11-20 07:26,2024-11-20 09:26:21.672871
1295,2024-11-20 07:19,2024-11-20 09:26:22.082819
1296,2024-11-20 07:25,2024-11-20 09:26:22.491622
1297,2024-11-20 07:26,2024-11-20 09:26:22.901790
1298,2024-11-20 09:20,2024-11-20 09:26:23.209159
1299,2024-11-20 09:20,2024-11-20 09:26:23.517387
1300,2024-11-20 09:26,2024-11-20 09:26:23.823425
1301,2024-11-20 09:26,2024-11-20 09:26:24.130526
1302,2024-11-20 09:24,2024-11-20 09:26:24.642659
1303,2024-11-20 09:32,2024-11-20 09:26:24.949163
1304,2024-11-20 07:20,2024-11-20 09:26:25.256711
1305,2024-11-20 07:26,2024-11-20 09:26:25.563480
1306,2024-11-20 07:26,2024-11-20 09:26:25.871044
1307,2024-11-20 07:26,2024-11-20 09:26:26.178401
1308,2024-11-20 07:26,2024-11-20 09:26:26.485239
1309,2024-11-20 07:20,2024-11-20 09:26:26.794441
1310,2024-11-20 07:20,2024-11-20 09:26:27.099819
1311,2024-11-20 07:20,2024-11-20 09:26:27.509552
1312,2024-11-20 07:26,2024-11-20 09:26:27.816614
1313,2024-11-20 07:20,2024-11-20 09:26:28.124718
1314,2024-11-20 07:20,2024-11-20 09:26:28.430482
1315,2024-11-20 07:24,2024-11-20 09:26:28.740814
1316,2024-11-20 07:20,2024-11-20 09:26:29.250352
1317,2024-11-20 07:26,2024-11-20 09:26:29.557819
1318,2024-11-20 07:26,2024-11-20 09:26:29.864682
1319,2024-11-20 07:26,2024-11-20 09:26:30.171901
1320,2024-11-20 07:26,2024-11-20 09:26:30.582200
1321,2024-11-20 07:26,2024-11-20 09:26:30.888976
1322,2024-11-20 07:26,2024-11-20 09:26:31.195039
1323,2024-11-20 07:26,2024-11-20 09:26:31.503429
1324,2024-11-20 07:26,2024-11-20 09:26:31.811529
1325,2024-11-20 07:26,2024-11-20 09:26:32.222508
1326,2024-11-20 07:20,2024-11-20 09:26:32.526627
1327,2024-11-20 07:26,2024-11-20 09:26:32.840755
1328,2024-11-20 07:26,2024-11-20 09:26:33.141968
1329,2024-11-20 09:26,2024-11-20 09:26:33.448636
1330,2024-11-20 09:20,2024-11-20 09:26:33.755671
1331,2024-11-20 09:32,2024-11-20 09:26:34.062726
1332,2024-11-20 09:26,2024-11-20 09:26:34.371175
1333,2024-11-20 09:32,2024-11-20 09:26:34.677824
1334,2024-11-20 09:26,2024-11-20 09:26:34.985301
1335,2024-11-20 09:24,2024-11-20 09:26:35.292049
1336,2024-11-20 09:26,2024-11-20 09:26:35.568579
1337,2024-11-20 07:32,2024-11-20 09:26:36.008519
1338,2024-11-20 07:24,2024-11-20 09:26:36.315383
1339,2024-11-20 07:26,2024-11-20 09:26:36.827963
1340,2024-11-20 07:26,2024-11-20 09:26:37.134524
1341,2024-11-20 07:26,2024-11-20 09:26:37.441821
1342,2024-11-20 07:24,2024-11-20 09:26:37.749630
1343,2024-11-20 07:26,2024-11-20 09:26:38.058715
1344,2024-11-20 07:26,2024-11-20 09:26:38.568891
1345,2024-11-20 07:26,2024-11-20 09:26:38.978236
1346,2024-11-20 07:20,2024-11-20 09:26:39.285144
1347,2024-11-20 07:20,2024-11-20 09:26:39.592803
1348,2024-11-20 07:26,2024-11-20 09:26:39.899703
1349,2024-11-20 07:26,2024-11-20 09:26:40.309800
1350,2024-11-20 07:26,2024-11-20 09:26:40.616681
1351,2024-11-20 07:20,2024-11-20 09:26:41.129042
1352,2024-11-20 07:20,2024-11-20 09:26:41.436494
1353,2024-11-20 07:20,2024-11-20 09:26:41.949079
1354,2024-11-20 09:26,2024-11-20 09:26:42.360412
1355,2024-11-20 09:26,2024-11-20 09:26:42.667548
1356,2024-11-20 09:26,2024-11-20 09:26:42.971901
1357,2024-11-20 09:26,2024-11-20 09:26:43.278828
1358,2024-11-20 09:26,2024-11-20 09:26:43.588384
1359,none,2024-11-20 09:26:43.894935
1360,none,2024-11-20 09:26:44.202433
1361,2024-11-20 09:26,2024-11-20 09:26:44.508013
1362,2024-11-20 09:26,2024-11-20 09:26:44.816038
1363,2024-11-20 09:26,2024-11-20 09:26:45.122397
1364,2024-11-20 09:26,2024-11-20 09:26:45.429578
1365,2024-11-20 07:26,2024-11-20 09:26:45.736768
1366,2024-11-20 07:26,2024-11-20 09:26:46.043700
1367,2024-11-20 07:26,2024-11-20 09:26:46.351248
1368,2024-11-20 07:26,2024-11-20 09:26:46.659161
1369,none,2024-11-20 09:26:46.965962
1370,none,2024-11-20 09:26:47.476750
1371,none,2024-11-20 09:26:47.784957
1372,2024-11-20 07:26,2024-11-20 09:26:48.296439
1373,2024-11-20 07:26,2024-11-20 09:26:48.603415
1374,2024-11-20 07:20,2024-11-20 09:26:48.911094
1375,2024-11-20 07:20,2024-11-20 09:26:49.218418
1376,2024-11-20 07:26,2024-11-20 09:26:49.525748
1377,2024-11-20 09:26,2024-11-20 09:26:49.832722
1378,2024-11-20 09:26,2024-11-20 09:26:50.241874
1379,2024-11-20 09:26,2024-11-20 09:26:50.651968
1380,2024-11-20 09:26,2024-11-20 09:26:50.958510
1381,2024-11-20 09:20,2024-11-20 09:26:51.266471
1382,2024-11-20 09:26,2024-11-20 09:26:51.573600
1383,2024-11-20 09:20,2024-11-20 09:26:51.983155
1384,none,2024-11-20 09:26:52.290155
1385,none,2024-11-20 09:26:52.597322
1386,none,2024-11-20 09:26:52.903868
1387,2024-11-20 09:26,2024-11-20 09:26:53.211914
1388,2024-11-20 09:26,2024-11-20 09:26:53.518875
1389,2024-11-20 09:26,2024-11-20 09:26:53.825909
1390,2024-11-20 07:20,2024-11-20 09:26:54.133650
1391,2024-11-20 07:20,2024-11-20 09:26:54.441024
1392,2024-11-20 07:26,2024-11-20 09:26:54.748016
1393,none,2024-11-20 09:26:55.054668
1394,none,2024-11-20 09:26:55.362190
1395,none,2024-11-20 09:26:55.669290
1396,none,2024-11-20 09:26:55.976410
1397,none,2024-11-20 09:26:56.283522
1398,2024-11-20 07:26,2024-11-20 09:26:56.590509
1399,2024-11-20 07:26,2024-11-20 09:26:56.897908
1400,2024-11-20 09:26,2024-11-20 09:26:57.205528
1401,2024-11-20 09:26,2024-11-20 09:26:57.513180
1402,2024-11-20 09:26,2024-11-20 09:26:57.819655
1403,2024-11-20 09:26,2024-11-20 09:26:58.126754
1404,2024-11-20 09:26,2024-11-20 09:26:58.433887
1405,2024-11-20 09:20,2024-11-20 09:26:58.741362
1406,2024-11-20 09:26,2024-11-20 09:26:59.150760
1407,2024-11-20 09:26,2024-11-20 09:26:59.560927
1408,2024-11-20 09:26,2024-11-20 09:26:59.867528
1409,2024-11-20 09:24,2024-11-20 09:27:00.174671
1410,2024-11-20 09:26,2024-11-20 09:27:00.482674
1411,2024-11-20 09:26,2024-11-20 09:27:00.789594
1412,2024-11-20 09:33,2024-11-20 09:27:01.096255
1413,2024-11-20 07:26,2024-11-20 09:27:01.403943
1414,2024-11-20 07:26,2024-11-20 09:27:01.710466
1415,2024-11-20 07:24,2024-11-20 09:27:02.018104
1416,2024-11-20 07:24,2024-11-20 09:27:02.325565
1417,2024-11-20 07:20,2024-11-20 09:27:02.632606
1418,2024-11-20 07:20,2024-11-20 09:27:02.940510
1419,2024-11-20 07:26,2024-11-20 09:27:03.246975
1420,2024-11-20 07:26,2024-11-20 09:27:03.656743
1421,none,2024-11-20 09:27:03.963643
1422,none,2024-11-20 09:27:04.271067
1423,none,2024-11-20 09:27:04.577766
1424,none,2024-11-20 09:27:04.885495
1425,none,2024-11-20 09:27:05.192686
1426,2024-11-20 07:26,2024-11-20 09:27:05.500371
1427,2024-11-20 07:20,2024-11-20 09:27:05.807781
1428,2024-11-20 07:26,2024-11-20 09:27:06.114775
1429,2024-11-20 07:26,2024-11-20 09:27:06.421544
1430,2024-11-20 09:20,2024-11-20 09:27:06.831955
1431,2024-11-20 09:26,2024-11-20 09:27:07.138190
1432,2024-11-20 09:26,2024-11-20 09:27:07.548037
1433,2024-11-20 09:26,2024-11-20 09:27:07.854824
1434,2024-11-20 09:33,2024-11-20 09:27:08.283336
1435,2024-11-20 09:26,2024-11-20 09:27:08.571429
1436,2024-11-20 09:20,2024-11-20 09:27:08.879045
1437,2024-11-20 09:20,2024-11-20 09:27:09.186614
1438,2024-11-20 09:20,2024-11-20 09:27:09.493728
1439,2024-11-20 07:26,2024-11-20 09:27:09.800811
1440,2024-11-20 07:26,2024-11-20 09:27:10.107561
1441,2024-11-20 07:26,2024-11-20 09:27:10.414683
1442,2024-11-20 07:26,2024-11-20 09:27:10.722380
1443,2024-11-20 07:27,2024-11-20 09:27:11.029517
1444,2024-11-20 07:20,2024-11-20 09:27:11.336726
1445,2024-11-20 07:27,2024-11-20 09:27:11.643841
1446,2024-11-20 07:20,2024-11-20 09:27:11.951540
1447,none,2024-11-20 09:27:12.257809
1448,none,2024-11-20 09:27:12.565718
1449,none,2024-11-20 09:27:12.872387
1450,none,2024-11-20 09:27:13.282064
1451,none,2024-11-20 09:27:13.589119
1452,none,2024-11-20 09:27:13.896552
1453,none,2024-11-20 09:27:14.203710
1454,2024-11-20 07:26,2024-11-20 09:27:14.511375
1455,2024-11-20 07:27,2024-11-20 09:27:15.023457
1456,2024-11-20 07:33,2024-11-20 09:27:15.330216
1457,2024-11-20 07:33,2024-11-20 09:27:15.637184
1458,2024-11-20 08:26,2024-11-20 09:27:15.945234
1459,2024-11-20 08:26,2024-11-20 09:27:16.251445
1460,2024-11-20 08:26,2024-11-20 09:27:16.558811
1461,2024-11-20 08:20,2024-11-20 09:27:16.866097
1462,2024-11-20 08:27,2024-11-20 09:27:17.173717
1463,2024-11-20 09:26,2024-11-20 09:27:17.583391
1464,2024-11-20 07:33,2024-11-20 09:27:17.890189
1465,2024-11-20 07:27,2024-11-20 09:27:18.402769
1466,none,2024-11-20 09:27:18.709647
1467,none,2024-11-20 09:27:19.016712
1468,none,2024-11-20 09:27:19.528958
1469,none,2024-11-20 09:27:19.835946
1470,none,2024-11-20 09:27:20.143352
1471,none,2024-11-20 09:27:20.450484
1472,none,2024-11-20 09:27:20.732170
1473,2024-11-20 08:26,2024-11-20 09:27:21.063967
1474,2024-11-20 08:20,2024-11-20 09:27:21.371590
1475,2024-11-20 08:20,2024-11-20 09:27:21.678093
1476,2024-11-20 08:26,2024-11-20 09:27:21.986447
1477,2024-11-20 08:26,2024-11-20 09:27:22.293127
1478,2024-11-20 08:26,2024-11-20 09:27:22.600745
1479,2024-11-20 08:21,2024-11-20 09:27:22.907824
1480,2024-11-20 08:27,2024-11-20 09:27:23.215144
1481,2024-11-20 09:27,2024-11-20 09:27:23.521425
1482,2024-11-20 09:26,2024-11-20 09:27:23.828955
1483,2024-11-20 09:21,2024-11-20 09:27:24.136543
1484,none,2024-11-20 09:27:24.443313
1485,none,2024-11-20 09:27:24.751093
1486,none,2024-11-20 09:27:25.058218
1487,none,2024-11-20 09:27:25.365247
1488,none,2024-11-20 09:27:26.491935
1489,none,2024-11-20 09:27:26.815282
1490,2024-11-20 08:27,2024-11-20 09:27:27.202398
1491,2024-11-20 08:27,2024-11-20 09:27:27.515292
1492,2024-11-20 08:27,2024-11-20 09:27:27.860799
1493,2024-11-20 09:27,2024-11-20 09:27:28.212907
1494,2024-11-20 09:27,2024-11-20 09:27:28.570491
1495,2024-11-20 09:27,2024-11-20 09:27:28.949542
1496,2024-11-20 09:21,2024-11-20 09:27:29.256073
1497,2024-11-20 09:27,2024-11-20 09:27:29.606746
1498,2024-11-20 09:21,2024-11-20 09:27:29.937943
1499,2024-11-20 07:27,2024-11-20 09:27:30.282023
1500,2024-11-20 07:27,2024-11-20 09:27:30.689755
1501,none,2024-11-20 09:27:30.998499
1502,none,2024-11-20 09:27:31.312661
1503,none,2024-11-20 09:27:31.667034
1504,none,2024-11-20 09:27:32.020625
1505,2024-11-20 08:27,2024-11-20 09:27:32.430530
1506,2024-11-20 08:21,2024-11-20 09:27:32.693279
1507,2024-11-20 08:27,2024-11-20 09:27:33.045468
1508,2024-11-20 08:27,2024-11-20 09:27:33.388152
1509,2024-11-20 08:27,2024-11-20 09:27:33.743097
1510,2024-11-20 09:27,2024-11-20 09:27:34.040497
1511,2024-11-20 09:25,2024-11-20 09:27:34.282883
1512,2024-11-20 09:27,2024-11-20 09:27:34.485061
1513,2024-11-20 09:27,2024-11-20 09:27:34.680650
1514,2024-11-20 09:27,2024-11-20 09:27:34.895366
1515,2024-11-20 07:27,2024-11-20 09:27:35.115484
1516,2024-11-20 07:27,2024-11-20 09:27:35.322673
1517,2024-11-20 07:21,2024-11-20 09:27:35.605184
1518,2024-11-20 07:27,2024-11-20 09:27:35.823097
1519,none,2024-11-20 09:27:36.019375
1520,none,2024-11-20 09:27:36.205955
1521,none,2024-11-20 09:27:36.409625
1522,none,2024-11-20 09:27:36.725101
1523,none,2024-11-20 09:27:36.935565
1524,2024-11-20 08:21,2024-11-20 09:27:37.143912
1525,2024-11-20 08:27,2024-11-20 09:27:37.360520
1526,none,2024-11-20 09:27:37.561661
1527,2024-11-20 09:21,2024-11-20 09:27:37.777014
1528,2024-11-20 09:33,2024-11-20 09:27:38.001044
1529,2024-11-20 07:21,2024-11-20 09:27:38.242663
1530,2024-11-20 07:33,2024-11-20 09:27:38.435693
1531,none,2024-11-20 09:27:38.806102
1532,none,2024-11-20 09:27:39.029862
1533,none,2024-11-20 09:27:39.251942
1534,2024-11-20 09:27,2024-11-20 09:27:39.504969
1535,2024-11-20 09:27,2024-11-20 09:27:39.701475
1536,2024-11-20 09:27,2024-11-20 09:27:40.090591
1537,2024-11-20 09:27,2024-11-20 09:27:40.315154
1538,2024-11-20 09:21,2024-11-20 09:27:40.558906
1539,2024-11-20 09:27,2024-11-20 09:27:40.762293
1540,2024-11-20 09:27,2024-11-20 09:27:40.985459
1541,none,2024-11-20 09:27:41.175303
1542,none,2024-11-20 09:27:41.374821
1543,2024-11-20 07:27,2024-11-20 09:27:41.581312
1544,none,2024-11-20 09:27:41.776412
1545,none,2024-11-20 09:27:41.975565
1546,none,2024-11-20 09:27:42.189530
1547,2024-11-20 09:27,2024-11-20 09:27:42.409971
1548,2024-11-20 09:21,2024-11-20 09:27:42.635972
1549,2024-11-20 09:27,2024-11-20 09:27:42.970825
1550,2024-11-20 09:27,2024-11-20 09:27:43.181368
1551,2024-11-20 10:27,2024-11-20 09:27:43.385666
1552,2024-11-20 07:33,2024-11-20 09:27:43.689761
1553,2024-11-20 07:27,2024-11-20 09:27:43.913709
1554,2024-11-20 07:27,2024-11-20 09:27:44.122361
1555,2024-11-20 07:33,2024-11-20 09:27:44.334894
1556,2024-11-20 07:33,2024-11-20 09:27:44.537075
1557,2024-11-20 07:25,2024-11-20 09:27:44.740594
1558,none,2024-11-20 09:27:44.955546
1559,none,2024-11-20 09:27:45.172657
1560,none,2024-11-20 09:27:45.391475
1561,none,2024-11-20 09:27:45.598055
1562,2024-11-20 10:27,2024-11-20 09:27:45.812465
1563,2024-11-20 10:25,2024-11-20 09:27:46.034680
1564,2024-11-20 10:21,2024-11-20 09:27:46.260457
1565,2024-11-20 10:27,2024-11-20 09:27:46.494392
1566,2024-11-20 07:27,2024-11-20 09:27:46.811118
1567,none,2024-11-20 09:27:47.034865
1568,2024-11-20 09:27,2024-11-20 09:27:47.330090
1569,2024-11-20 09:27,2024-11-20 09:27:47.565748
1570,2024-11-20 09:27,2024-11-20 09:27:47.930686
1571,2024-11-20 09:25,2024-11-20 09:27:48.176028
1572,2024-11-20 09:33,2024-11-20 09:27:48.382152
1573,2024-11-20 09:27,2024-11-20 09:27:48.595212
1574,2024-11-20 09:27,2024-11-20 09:27:48.890880
1575,2024-11-20 10:27,2024-11-20 09:27:49.110217
1576,2024-11-20 10:27,2024-11-20 09:27:49.314650
1577,2024-11-20 09:27,2024-11-20 09:27:49.517756
1578,2024-11-20 09:27,2024-11-20 09:27:49.714774
1579,2024-11-20 09:21,2024-11-20 09:27:49.929785
1580,2024-11-20 09:27,2024-11-20 09:27:50.139435
1581,2024-11-20 09:33,2024-11-20 09:27:50.341693
1582,2024-11-20 09:27,2024-11-20 09:27:50.560618
1583,2024-11-20 09:27,2024-11-20 09:27:50.775418
1584,2024-11-20 09:27,2024-11-20 09:27:50.996974
1585,2024-11-20 09:21,2024-11-20 09:27:51.215680
1586,2024-11-20 09:27,2024-11-20 09:27:51.424023
1587,2024-11-20 09:27,2024-11-20 09:27:51.637012
1588,2024-11-20 09:27,2024-11-20 09:27:51.855173
1589,2024-11-20 10:27,2024-11-20 09:27:52.250293
1590,2024-11-20 10:21,2024-11-20 09:27:52.475218
1591,2024-11-20 09:27,2024-11-20 09:27:52.700234
1592,2024-11-20 09:25,2024-11-20 09:27:52.921813
1593,2024-11-20 09:27,2024-11-20 09:27:53.210530
1594,2024-11-20 09:27,2024-11-20 09:27:53.730614
1595,2024-11-20 09:27,2024-11-20 09:27:54.037570
1596,2024-11-20 09:27,2024-11-20 09:27:54.344924
1597,2024-11-20 09:25,2024-11-20 09:27:54.652068
1598,2024-11-20 09:27,2024-11-20 09:27:54.959895
1599,2024-11-20 09:25,2024-11-20 09:27:55.266604
1600,2024-11-20 09:21,2024-11-20 09:27:55.574534
1601,2024-11-20 09:27,2024-11-20 09:27:55.880803
1602,2024-11-20 12:34,2024-11-20 09:27:56.188682
1603,2024-11-20 12:27,2024-11-20 09:27:56.495061
1604,2024-11-20 12:27,2024-11-20 09:27:57.006036
1605,2024-11-20 09:27,2024-11-20 09:27:57.314250
1606,2024-11-20 09:21,2024-11-20 09:27:57.622334
1607,2024-11-20 09:27,2024-11-20 09:27:57.927762
1608,2024-11-20 09:21,2024-11-20 09:27:58.235793
1609,2024-11-20 09:21,2024-11-20 09:27:58.543362
1610,2024-11-20 09:27,2024-11-20 09:27:58.850344
1611,2024-11-20 09:27,2024-11-20 09:27:59.157410
1612,none,2024-11-20 09:27:59.464658
1613,2024-11-20 09:21,2024-11-20 09:27:59.772792
1614,2024-11-20 09:27,2024-11-20 09:28:00.079182
1615,2024-11-20 09:21,2024-11-20 09:28:00.386670
1616,2024-11-20 09:27,2024-11-20 09:28:00.694308
1617,2024-11-20 09:28,2024-11-20 09:28:01.001421
1618,2024-11-20 09:21,2024-11-20 09:28:01.308517
1619,2024-11-20 09:21,2024-11-20 09:28:01.717068
1620,2024-11-20 09:28,2024-11-20 09:28:02.025024
1621,2024-11-20 09:27,2024-11-20 09:28:02.537286
1622,2024-11-20 09:21,2024-11-20 09:28:03.049260
1623,2024-11-20 09:21,2024-11-20 09:28:03.355765
1624,2024-11-20 09:28,2024-11-20 09:28:03.662737
1625,2024-11-20 09:25,2024-11-20 09:28:03.970080
1626,2024-11-20 09:34,2024-11-20 09:28:04.277715
1627,none,2024-11-20 09:28:04.790630
1628,none,2024-11-20 09:28:05.096629
1629,2024-11-20 09:28,2024-11-20 09:28:05.403709
1630,2024-11-20 09:25,2024-11-20 09:28:05.712118
1631,2024-11-20 09:28,2024-11-20 09:28:05.981421
1632,2024-11-20 09:27,2024-11-20 09:28:06.241383
1633,2024-11-20 09:27,2024-11-20 09:28:06.530409
1634,2024-11-20 09:21,2024-11-20 09:28:06.837241
1635,2024-11-20 09:25,2024-11-20 09:28:07.144955
1636,2024-11-20 09:28,2024-11-20 09:28:07.455978
1637,2024-11-20 09:27,2024-11-20 09:28:07.758852
1638,none,2024-11-20 09:28:08.066528
1639,none,2024-11-20 09:28:08.373520
1640,none,2024-11-20 09:28:08.680640
1641,none,2024-11-20 09:28:08.987819
1642,2024-11-20 09:21,2024-11-20 09:28:09.295771
1643,2024-11-20 09:27,2024-11-20 09:28:09.555663
1644,2024-11-20 09:28,2024-11-20 09:28:09.909322
1645,2024-11-20 09:27,2024-11-20 09:28:10.216577
1646,2024-11-20 09:28,2024-11-20 09:28:10.524090
1647,2024-11-20 09:27,2024-11-20 09:28:10.831503
1648,2024-11-20 09:21,2024-11-20 09:28:11.138470
1649,2024-11-20 09:27,2024-11-20 09:28:11.445392
1650,2024-11-20 09:27,2024-11-20 09:28:11.753569
1651,2024-11-20 09:21,2024-11-20 09:28:12.059585
1652,2024-11-20 09:27,2024-11-20 09:28:12.367083
