lat,lon,isLand
42.36745833333334,-82.08156666666665,True
42.36745833333334,-80.60843333333331,True
43.058016666666674,-82.08156666666665,True
43.058016666666674,-80.60843333333331,True
43.058016666666674,-79.13529999999997,True
43.74857500000001,-82.08156666666665,True
43.74857500000001,-80.60843333333331,True
43.74857500000001,-79.13529999999997,True
43.74857500000001,-77.66216666666664,True
44.439133333333345,-82.08156666666665,True
44.439133333333345,-80.60843333333331,True
44.439133333333345,-79.13529999999997,True
44.439133333333345,-77.66216666666664,True
44.439133333333345,-76.1890333333333,True
44.439133333333345,-65.87709999999994,True
44.439133333333345,-64.4039666666666,True
45.12969166666668,-82.08156666666665,True
45.12969166666668,-80.60843333333331,True
45.12969166666668,-79.13529999999997,True
45.12969166666668,-77.66216666666664,True
45.12969166666668,-76.1890333333333,True
45.12969166666668,-74.71589999999996,True
45.12969166666668,-73.24276666666663,True
45.12969166666668,-71.76963333333329,True
45.12969166666668,-64.4039666666666,True
45.12969166666668,-62.93083333333327,True
45.820250000000016,-83.55469999999998,True
45.820250000000016,-82.08156666666665,True
45.820250000000016,-80.60843333333331,True
45.820250000000016,-79.13529999999997,True
45.820250000000016,-77.66216666666664,True
45.820250000000016,-76.1890333333333,True
45.820250000000016,-74.71589999999996,True
45.820250000000016,-73.24276666666663,True
45.820250000000016,-71.76963333333329,True
45.820250000000016,-67.35023333333328,True
45.820250000000016,-65.87709999999994,True
45.820250000000016,-64.4039666666666,True
45.820250000000016,-61.45769999999993,True
46.51080833333335,-83.55469999999998,True
46.51080833333335,-82.08156666666665,True
46.51080833333335,-80.60843333333331,True
46.51080833333335,-79.13529999999997,True
46.51080833333335,-77.66216666666664,True
46.51080833333335,-76.1890333333333,True
46.51080833333335,-74.71589999999996,True
46.51080833333335,-73.24276666666663,True
46.51080833333335,-71.76963333333329,True
46.51080833333335,-70.29649999999995,True
46.51080833333335,-67.35023333333328,True
46.51080833333335,-65.87709999999994,True
47.20136666666669,-85.02783333333332,True
47.20136666666669,-83.55469999999998,True
47.20136666666669,-82.08156666666665,True
47.20136666666669,-80.60843333333331,True
47.20136666666669,-79.13529999999997,True
47.20136666666669,-77.66216666666664,True
47.20136666666669,-76.1890333333333,True
47.20136666666669,-74.71589999999996,True
47.20136666666669,-73.24276666666663,True
47.20136666666669,-71.76963333333329,True
47.20136666666669,-67.35023333333328,True
47.20136666666669,-65.87709999999994,True
47.89192500000002,-86.50096666666666,True
47.89192500000002,-85.02783333333332,True
47.89192500000002,-83.55469999999998,True
47.89192500000002,-82.08156666666665,True
47.89192500000002,-80.60843333333331,True
47.89192500000002,-79.13529999999997,True
47.89192500000002,-77.66216666666664,True
47.89192500000002,-76.1890333333333,True
47.89192500000002,-74.71589999999996,True
47.89192500000002,-73.24276666666663,True
47.89192500000002,-71.76963333333329,True
47.89192500000002,-70.29649999999995,True
47.89192500000002,-68.82336666666662,True
47.89192500000002,-67.35023333333328,True
47.89192500000002,-65.87709999999994,True
47.89192500000002,-58.51143333333326,True
47.89192500000002,-57.03829999999992,True
47.89192500000002,-55.565166666666585,True
47.89192500000002,-54.09203333333325,True
48.58248333333336,-92.3935,True
48.58248333333336,-90.92036666666667,True
48.58248333333336,-89.44723333333333,True
48.58248333333336,-87.97409999999999,True
48.58248333333336,-86.50096666666666,True
48.58248333333336,-85.02783333333332,True
48.58248333333336,-83.55469999999998,True
48.58248333333336,-82.08156666666665,True
48.58248333333336,-80.60843333333331,True
48.58248333333336,-79.13529999999997,True
48.58248333333336,-77.66216666666664,True
48.58248333333336,-76.1890333333333,True
48.58248333333336,-74.71589999999996,True
48.58248333333336,-73.24276666666663,True
48.58248333333336,-71.76963333333329,True
48.58248333333336,-70.29649999999995,True
48.58248333333336,-67.35023333333328,True
48.58248333333336,-65.87709999999994,True
48.58248333333336,-64.4039666666666,True
48.58248333333336,-58.51143333333326,True
48.58248333333336,-57.03829999999992,True
48.58248333333336,-55.565166666666585,True
48.58248333333336,-54.09203333333325,True
49.27304166666669,-124.80243333333341,True
49.27304166666669,-121.85616666666674,True
49.27304166666669,-120.3830333333334,True
49.27304166666669,-118.90990000000006,True
49.27304166666669,-117.43676666666673,True
49.27304166666669,-115.96363333333339,True
49.27304166666669,-114.49050000000005,True
49.27304166666669,-113.01736666666672,True
49.27304166666669,-111.54423333333338,True
49.27304166666669,-110.07110000000004,True
49.27304166666669,-108.59796666666671,True
49.27304166666669,-107.12483333333337,True
49.27304166666669,-105.65170000000003,True
49.27304166666669,-104.1785666666667,True
49.27304166666669,-102.70543333333336,True
49.27304166666669,-101.23230000000002,True
49.27304166666669,-99.75916666666669,True
49.27304166666669,-98.28603333333335,True
49.27304166666669,-96.81290000000001,True
49.27304166666669,-95.33976666666668,True
49.27304166666669,-93.86663333333334,True
49.27304166666669,-92.3935,True
49.27304166666669,-90.92036666666667,True
49.27304166666669,-89.44723333333333,True
49.27304166666669,-87.97409999999999,True
49.27304166666669,-86.50096666666666,True
49.27304166666669,-85.02783333333332,True
49.27304166666669,-83.55469999999998,True
49.27304166666669,-82.08156666666665,True
49.27304166666669,-80.60843333333331,True
49.27304166666669,-79.13529999999997,True
49.27304166666669,-77.66216666666664,True
49.27304166666669,-76.1890333333333,True
49.27304166666669,-74.71589999999996,True
49.27304166666669,-73.24276666666663,True
49.27304166666669,-71.76963333333329,True
49.27304166666669,-70.29649999999995,True
49.27304166666669,-68.82336666666662,True
49.27304166666669,-62.93083333333327,True
49.27304166666669,-57.03829999999992,True
49.27304166666669,-55.565166666666585,True
49.27304166666669,-54.09203333333325,True
49.96360000000003,-126.27556666666675,True
49.96360000000003,-123.32930000000007,True
49.96360000000003,-121.85616666666674,True
49.96360000000003,-120.3830333333334,True
49.96360000000003,-118.90990000000006,True
49.96360000000003,-117.43676666666673,True
49.96360000000003,-115.96363333333339,True
49.96360000000003,-114.49050000000005,True
49.96360000000003,-113.01736666666672,True
49.96360000000003,-111.54423333333338,True
49.96360000000003,-110.07110000000004,True
49.96360000000003,-108.59796666666671,True
49.96360000000003,-107.12483333333337,True
49.96360000000003,-105.65170000000003,True
49.96360000000003,-104.1785666666667,True
49.96360000000003,-102.70543333333336,True
49.96360000000003,-101.23230000000002,True
49.96360000000003,-99.75916666666669,True
49.96360000000003,-98.28603333333335,True
49.96360000000003,-96.81290000000001,True
49.96360000000003,-95.33976666666668,True
49.96360000000003,-93.86663333333334,True
49.96360000000003,-92.3935,True
49.96360000000003,-90.92036666666667,True
49.96360000000003,-89.44723333333333,True
49.96360000000003,-87.97409999999999,True
49.96360000000003,-86.50096666666666,True
49.96360000000003,-85.02783333333332,True
49.96360000000003,-83.55469999999998,True
49.96360000000003,-82.08156666666665,True
49.96360000000003,-80.60843333333331,True
49.96360000000003,-79.13529999999997,True
49.96360000000003,-77.66216666666664,True
49.96360000000003,-76.1890333333333,True
49.96360000000003,-74.71589999999996,True
49.96360000000003,-73.24276666666663,True
49.96360000000003,-71.76963333333329,True
49.96360000000003,-70.29649999999995,True
49.96360000000003,-68.82336666666662,True
49.96360000000003,-67.35023333333328,True
49.96360000000003,-57.03829999999992,True
49.96360000000003,-55.565166666666585,True
50.65415833333336,-127.74870000000008,True
50.65415833333336,-124.80243333333341,True
50.65415833333336,-123.32930000000007,True
50.65415833333336,-121.85616666666674,True
50.65415833333336,-120.3830333333334,True
50.65415833333336,-118.90990000000006,True
50.65415833333336,-117.43676666666673,True
50.65415833333336,-115.96363333333339,True
50.65415833333336,-114.49050000000005,True
50.65415833333336,-113.01736666666672,True
50.65415833333336,-111.54423333333338,True
50.65415833333336,-110.07110000000004,True
50.65415833333336,-108.59796666666671,True
50.65415833333336,-107.12483333333337,True
50.65415833333336,-105.65170000000003,True
50.65415833333336,-104.1785666666667,True
50.65415833333336,-102.70543333333336,True
50.65415833333336,-101.23230000000002,True
50.65415833333336,-99.75916666666669,True
50.65415833333336,-98.28603333333335,True
50.65415833333336,-96.81290000000001,True
50.65415833333336,-95.33976666666668,True
50.65415833333336,-93.86663333333334,True
50.65415833333336,-92.3935,True
50.65415833333336,-90.92036666666667,True
50.65415833333336,-89.44723333333333,True
50.65415833333336,-87.97409999999999,True
50.65415833333336,-86.50096666666666,True
50.65415833333336,-85.02783333333332,True
50.65415833333336,-83.55469999999998,True
50.65415833333336,-82.08156666666665,True
50.65415833333336,-80.60843333333331,True
50.65415833333336,-79.13529999999997,True
50.65415833333336,-77.66216666666664,True
50.65415833333336,-76.1890333333333,True
50.65415833333336,-74.71589999999996,True
50.65415833333336,-73.24276666666663,True
50.65415833333336,-71.76963333333329,True
50.65415833333336,-70.29649999999995,True
50.65415833333336,-68.82336666666662,True
50.65415833333336,-67.35023333333328,True
50.65415833333336,-65.87709999999994,True
50.65415833333336,-64.4039666666666,True
50.65415833333336,-62.93083333333327,True
50.65415833333336,-61.45769999999993,True
50.65415833333336,-59.984566666666595,True
50.65415833333336,-57.03829999999992,True
51.3447166666667,-127.74870000000008,True
51.3447166666667,-126.27556666666675,True
51.3447166666667,-124.80243333333341,True
51.3447166666667,-123.32930000000007,True
51.3447166666667,-121.85616666666674,True
51.3447166666667,-120.3830333333334,True
51.3447166666667,-118.90990000000006,True
51.3447166666667,-117.43676666666673,True
51.3447166666667,-115.96363333333339,True
51.3447166666667,-114.49050000000005,True
51.3447166666667,-113.01736666666672,True
51.3447166666667,-111.54423333333338,True
51.3447166666667,-110.07110000000004,True
51.3447166666667,-108.59796666666671,True
51.3447166666667,-107.12483333333337,True
51.3447166666667,-105.65170000000003,True
51.3447166666667,-104.1785666666667,True
51.3447166666667,-102.70543333333336,True
51.3447166666667,-101.23230000000002,True
51.3447166666667,-99.75916666666669,True
51.3447166666667,-98.28603333333335,True
51.3447166666667,-96.81290000000001,True
51.3447166666667,-95.33976666666668,True
51.3447166666667,-93.86663333333334,True
51.3447166666667,-92.3935,True
51.3447166666667,-90.92036666666667,True
51.3447166666667,-89.44723333333333,True
51.3447166666667,-87.97409999999999,True
51.3447166666667,-86.50096666666666,True
51.3447166666667,-85.02783333333332,True
51.3447166666667,-83.55469999999998,True
51.3447166666667,-82.08156666666665,True
51.3447166666667,-80.60843333333331,True
51.3447166666667,-79.13529999999997,True
51.3447166666667,-77.66216666666664,True
51.3447166666667,-76.1890333333333,True
51.3447166666667,-74.71589999999996,True
51.3447166666667,-73.24276666666663,True
51.3447166666667,-71.76963333333329,True
51.3447166666667,-70.29649999999995,True
51.3447166666667,-68.82336666666662,True
51.3447166666667,-67.35023333333328,True
51.3447166666667,-65.87709999999994,True
51.3447166666667,-64.4039666666666,True
51.3447166666667,-62.93083333333327,True
51.3447166666667,-61.45769999999993,True
51.3447166666667,-59.984566666666595,True
51.3447166666667,-58.51143333333326,True
51.3447166666667,-55.565166666666585,True
52.035275000000034,-127.74870000000008,True
52.035275000000034,-126.27556666666675,True
52.035275000000034,-124.80243333333341,True
52.035275000000034,-123.32930000000007,True
52.035275000000034,-121.85616666666674,True
52.035275000000034,-120.3830333333334,True
52.035275000000034,-118.90990000000006,True
52.035275000000034,-117.43676666666673,True
52.035275000000034,-115.96363333333339,True
52.035275000000034,-114.49050000000005,True
52.035275000000034,-113.01736666666672,True
52.035275000000034,-111.54423333333338,True
52.035275000000034,-110.07110000000004,True
52.035275000000034,-108.59796666666671,True
52.035275000000034,-107.12483333333337,True
52.035275000000034,-105.65170000000003,True
52.035275000000034,-104.1785666666667,True
52.035275000000034,-102.70543333333336,True
52.035275000000034,-101.23230000000002,True
52.035275000000034,-99.75916666666669,True
52.035275000000034,-98.28603333333335,True
52.035275000000034,-96.81290000000001,True
52.035275000000034,-95.33976666666668,True
52.035275000000034,-93.86663333333334,True
52.035275000000034,-92.3935,True
52.035275000000034,-90.92036666666667,True
52.035275000000034,-89.44723333333333,True
52.035275000000034,-87.97409999999999,True
52.035275000000034,-86.50096666666666,True
52.035275000000034,-85.02783333333332,True
52.035275000000034,-83.55469999999998,True
52.035275000000034,-82.08156666666665,True
52.035275000000034,-77.66216666666664,True
52.035275000000034,-76.1890333333333,True
52.035275000000034,-74.71589999999996,True
52.035275000000034,-73.24276666666663,True
52.035275000000034,-71.76963333333329,True
52.035275000000034,-70.29649999999995,True
52.035275000000034,-68.82336666666662,True
52.035275000000034,-67.35023333333328,True
52.035275000000034,-65.87709999999994,True
52.035275000000034,-64.4039666666666,True
52.035275000000034,-62.93083333333327,True
52.035275000000034,-61.45769999999993,True
52.035275000000034,-59.984566666666595,True
52.035275000000034,-58.51143333333326,True
52.035275000000034,-57.03829999999992,True
52.72583333333337,-129.22183333333342,True
52.72583333333337,-127.74870000000008,True
52.72583333333337,-126.27556666666675,True
52.72583333333337,-124.80243333333341,True
52.72583333333337,-123.32930000000007,True
52.72583333333337,-121.85616666666674,True
52.72583333333337,-120.3830333333334,True
52.72583333333337,-118.90990000000006,True
52.72583333333337,-117.43676666666673,True
52.72583333333337,-115.96363333333339,True
52.72583333333337,-114.49050000000005,True
52.72583333333337,-113.01736666666672,True
52.72583333333337,-111.54423333333338,True
52.72583333333337,-110.07110000000004,True
52.72583333333337,-108.59796666666671,True
52.72583333333337,-107.12483333333337,True
52.72583333333337,-105.65170000000003,True
52.72583333333337,-104.1785666666667,True
52.72583333333337,-102.70543333333336,True
52.72583333333337,-101.23230000000002,True
52.72583333333337,-99.75916666666669,True
52.72583333333337,-98.28603333333335,True
52.72583333333337,-96.81290000000001,True
52.72583333333337,-95.33976666666668,True
52.72583333333337,-93.86663333333334,True
52.72583333333337,-92.3935,True
52.72583333333337,-90.92036666666667,True
52.72583333333337,-89.44723333333333,True
52.72583333333337,-87.97409999999999,True
52.72583333333337,-86.50096666666666,True
52.72583333333337,-85.02783333333332,True
52.72583333333337,-83.55469999999998,True
52.72583333333337,-82.08156666666665,True
52.72583333333337,-77.66216666666664,True
52.72583333333337,-76.1890333333333,True
52.72583333333337,-74.71589999999996,True
52.72583333333337,-73.24276666666663,True
52.72583333333337,-71.76963333333329,True
52.72583333333337,-70.29649999999995,True
52.72583333333337,-68.82336666666662,True
52.72583333333337,-67.35023333333328,True
52.72583333333337,-65.87709999999994,True
52.72583333333337,-64.4039666666666,True
52.72583333333337,-62.93083333333327,True
52.72583333333337,-61.45769999999993,True
52.72583333333337,-59.984566666666595,True
52.72583333333337,-58.51143333333326,True
52.72583333333337,-57.03829999999992,True
53.416391666666705,-132.16810000000007,True
53.416391666666705,-127.74870000000008,True
53.416391666666705,-126.27556666666675,True
53.416391666666705,-124.80243333333341,True
53.416391666666705,-123.32930000000007,True
53.416391666666705,-121.85616666666674,True
53.416391666666705,-120.3830333333334,True
53.416391666666705,-118.90990000000006,True
53.416391666666705,-117.43676666666673,True
53.416391666666705,-115.96363333333339,True
53.416391666666705,-114.49050000000005,True
53.416391666666705,-113.01736666666672,True
53.416391666666705,-111.54423333333338,True
53.416391666666705,-110.07110000000004,True
53.416391666666705,-108.59796666666671,True
53.416391666666705,-107.12483333333337,True
53.416391666666705,-105.65170000000003,True
53.416391666666705,-104.1785666666667,True
53.416391666666705,-102.70543333333336,True
53.416391666666705,-101.23230000000002,True
53.416391666666705,-99.75916666666669,True
53.416391666666705,-98.28603333333335,True
53.416391666666705,-96.81290000000001,True
53.416391666666705,-95.33976666666668,True
53.416391666666705,-93.86663333333334,True
53.416391666666705,-92.3935,True
53.416391666666705,-90.92036666666667,True
53.416391666666705,-89.44723333333333,True
53.416391666666705,-87.97409999999999,True
53.416391666666705,-86.50096666666666,True
53.416391666666705,-85.02783333333332,True
53.416391666666705,-83.55469999999998,True
53.416391666666705,-77.66216666666664,True
53.416391666666705,-76.1890333333333,True
53.416391666666705,-74.71589999999996,True
53.416391666666705,-73.24276666666663,True
53.416391666666705,-71.76963333333329,True
53.416391666666705,-70.29649999999995,True
53.416391666666705,-68.82336666666662,True
53.416391666666705,-67.35023333333328,True
53.416391666666705,-65.87709999999994,True
53.416391666666705,-64.4039666666666,True
53.416391666666705,-62.93083333333327,True
53.416391666666705,-61.45769999999993,True
53.416391666666705,-58.51143333333326,True
53.416391666666705,-57.03829999999992,True
54.10695000000004,-129.22183333333342,True
54.10695000000004,-127.74870000000008,True
54.10695000000004,-126.27556666666675,True
54.10695000000004,-124.80243333333341,True
54.10695000000004,-123.32930000000007,True
54.10695000000004,-121.85616666666674,True
54.10695000000004,-120.3830333333334,True
54.10695000000004,-118.90990000000006,True
54.10695000000004,-117.43676666666673,True
54.10695000000004,-115.96363333333339,True
54.10695000000004,-114.49050000000005,True
54.10695000000004,-113.01736666666672,True
54.10695000000004,-111.54423333333338,True
54.10695000000004,-110.07110000000004,True
54.10695000000004,-108.59796666666671,True
54.10695000000004,-107.12483333333337,True
54.10695000000004,-105.65170000000003,True
54.10695000000004,-104.1785666666667,True
54.10695000000004,-102.70543333333336,True
54.10695000000004,-101.23230000000002,True
54.10695000000004,-99.75916666666669,True
54.10695000000004,-98.28603333333335,True
54.10695000000004,-96.81290000000001,True
54.10695000000004,-95.33976666666668,True
54.10695000000004,-93.86663333333334,True
54.10695000000004,-92.3935,True
54.10695000000004,-90.92036666666667,True
54.10695000000004,-89.44723333333333,True
54.10695000000004,-87.97409999999999,True
54.10695000000004,-86.50096666666666,True
54.10695000000004,-85.02783333333332,True
54.10695000000004,-83.55469999999998,True
54.10695000000004,-77.66216666666664,True
54.10695000000004,-76.1890333333333,True
54.10695000000004,-74.71589999999996,True
54.10695000000004,-73.24276666666663,True
54.10695000000004,-71.76963333333329,True
54.10695000000004,-70.29649999999995,True
54.10695000000004,-68.82336666666662,True
54.10695000000004,-67.35023333333328,True
54.10695000000004,-65.87709999999994,True
54.10695000000004,-64.4039666666666,True
54.10695000000004,-62.93083333333327,True
54.10695000000004,-61.45769999999993,True
54.10695000000004,-59.984566666666595,True
54.797508333333376,-129.22183333333342,True
54.797508333333376,-127.74870000000008,True
54.797508333333376,-126.27556666666675,True
54.797508333333376,-124.80243333333341,True
54.797508333333376,-123.32930000000007,True
54.797508333333376,-121.85616666666674,True
54.797508333333376,-120.3830333333334,True
54.797508333333376,-118.90990000000006,True
54.797508333333376,-117.43676666666673,True
54.797508333333376,-115.96363333333339,True
54.797508333333376,-114.49050000000005,True
54.797508333333376,-113.01736666666672,True
54.797508333333376,-111.54423333333338,True
54.797508333333376,-110.07110000000004,True
54.797508333333376,-108.59796666666671,True
54.797508333333376,-107.12483333333337,True
54.797508333333376,-105.65170000000003,True
54.797508333333376,-104.1785666666667,True
54.797508333333376,-102.70543333333336,True
54.797508333333376,-101.23230000000002,True
54.797508333333376,-99.75916666666669,True
54.797508333333376,-98.28603333333335,True
54.797508333333376,-96.81290000000001,True
54.797508333333376,-95.33976666666668,True
54.797508333333376,-93.86663333333334,True
54.797508333333376,-92.3935,True
54.797508333333376,-90.92036666666667,True
54.797508333333376,-89.44723333333333,True
54.797508333333376,-87.97409999999999,True
54.797508333333376,-86.50096666666666,True
54.797508333333376,-85.02783333333332,True
54.797508333333376,-83.55469999999998,True
54.797508333333376,-79.13529999999997,True
54.797508333333376,-77.66216666666664,True
54.797508333333376,-76.1890333333333,True
54.797508333333376,-74.71589999999996,True
54.797508333333376,-73.24276666666663,True
54.797508333333376,-71.76963333333329,True
54.797508333333376,-70.29649999999995,True
54.797508333333376,-68.82336666666662,True
54.797508333333376,-67.35023333333328,True
54.797508333333376,-65.87709999999994,True
54.797508333333376,-64.4039666666666,True
54.797508333333376,-62.93083333333327,True
54.797508333333376,-61.45769999999993,True
54.797508333333376,-59.984566666666595,True
55.48806666666671,-129.22183333333342,True
55.48806666666671,-127.74870000000008,True
55.48806666666671,-126.27556666666675,True
55.48806666666671,-124.80243333333341,True
55.48806666666671,-123.32930000000007,True
55.48806666666671,-121.85616666666674,True
55.48806666666671,-120.3830333333334,True
55.48806666666671,-118.90990000000006,True
55.48806666666671,-117.43676666666673,True
55.48806666666671,-115.96363333333339,True
55.48806666666671,-114.49050000000005,True
55.48806666666671,-113.01736666666672,True
55.48806666666671,-111.54423333333338,True
55.48806666666671,-110.07110000000004,True
55.48806666666671,-108.59796666666671,True
55.48806666666671,-107.12483333333337,True
55.48806666666671,-105.65170000000003,True
55.48806666666671,-104.1785666666667,True
55.48806666666671,-102.70543333333336,True
55.48806666666671,-101.23230000000002,True
55.48806666666671,-99.75916666666669,True
55.48806666666671,-98.28603333333335,True
55.48806666666671,-96.81290000000001,True
55.48806666666671,-95.33976666666668,True
55.48806666666671,-93.86663333333334,True
55.48806666666671,-92.3935,True
55.48806666666671,-90.92036666666667,True
55.48806666666671,-89.44723333333333,True
55.48806666666671,-87.97409999999999,True
55.48806666666671,-86.50096666666666,True
55.48806666666671,-76.1890333333333,True
55.48806666666671,-74.71589999999996,True
55.48806666666671,-73.24276666666663,True
55.48806666666671,-71.76963333333329,True
55.48806666666671,-70.29649999999995,True
55.48806666666671,-68.82336666666662,True
55.48806666666671,-67.35023333333328,True
55.48806666666671,-65.87709999999994,True
55.48806666666671,-64.4039666666666,True
55.48806666666671,-62.93083333333327,True
55.48806666666671,-61.45769999999993,True
56.178625000000046,-129.22183333333342,True
56.178625000000046,-127.74870000000008,True
56.178625000000046,-126.27556666666675,True
56.178625000000046,-124.80243333333341,True
56.178625000000046,-123.32930000000007,True
56.178625000000046,-121.85616666666674,True
56.178625000000046,-120.3830333333334,True
56.178625000000046,-118.90990000000006,True
56.178625000000046,-117.43676666666673,True
56.178625000000046,-115.96363333333339,True
56.178625000000046,-114.49050000000005,True
56.178625000000046,-113.01736666666672,True
56.178625000000046,-111.54423333333338,True
56.178625000000046,-110.07110000000004,True
56.178625000000046,-108.59796666666671,True
56.178625000000046,-107.12483333333337,True
56.178625000000046,-105.65170000000003,True
56.178625000000046,-104.1785666666667,True
56.178625000000046,-102.70543333333336,True
56.178625000000046,-101.23230000000002,True
56.178625000000046,-99.75916666666669,True
56.178625000000046,-98.28603333333335,True
56.178625000000046,-96.81290000000001,True
56.178625000000046,-95.33976666666668,True
56.178625000000046,-93.86663333333334,True
56.178625000000046,-92.3935,True
56.178625000000046,-90.92036666666667,True
56.178625000000046,-89.44723333333333,True
56.178625000000046,-87.97409999999999,True
56.178625000000046,-74.71589999999996,True
56.178625000000046,-73.24276666666663,True
56.178625000000046,-71.76963333333329,True
56.178625000000046,-70.29649999999995,True
56.178625000000046,-68.82336666666662,True
56.178625000000046,-67.35023333333328,True
56.178625000000046,-65.87709999999994,True
56.178625000000046,-64.4039666666666,True
56.178625000000046,-62.93083333333327,True
56.178625000000046,-61.45769999999993,True
56.86918333333338,-130.69496666666674,True
56.86918333333338,-129.22183333333342,True
56.86918333333338,-127.74870000000008,True
56.86918333333338,-126.27556666666675,True
56.86918333333338,-124.80243333333341,True
56.86918333333338,-123.32930000000007,True
56.86918333333338,-121.85616666666674,True
56.86918333333338,-120.3830333333334,True
56.86918333333338,-118.90990000000006,True
56.86918333333338,-117.43676666666673,True
56.86918333333338,-115.96363333333339,True
56.86918333333338,-114.49050000000005,True
56.86918333333338,-113.01736666666672,True
56.86918333333338,-111.54423333333338,True
56.86918333333338,-110.07110000000004,True
56.86918333333338,-108.59796666666671,True
56.86918333333338,-107.12483333333337,True
56.86918333333338,-105.65170000000003,True
56.86918333333338,-104.1785666666667,True
56.86918333333338,-102.70543333333336,True
56.86918333333338,-101.23230000000002,True
56.86918333333338,-99.75916666666669,True
56.86918333333338,-98.28603333333335,True
56.86918333333338,-96.81290000000001,True
56.86918333333338,-95.33976666666668,True
56.86918333333338,-93.86663333333334,True
56.86918333333338,-92.3935,True
56.86918333333338,-90.92036666666667,True
56.86918333333338,-89.44723333333333,True
56.86918333333338,-76.1890333333333,True
56.86918333333338,-74.71589999999996,True
56.86918333333338,-73.24276666666663,True
56.86918333333338,-71.76963333333329,True
56.86918333333338,-70.29649999999995,True
56.86918333333338,-68.82336666666662,True
56.86918333333338,-67.35023333333328,True
56.86918333333338,-65.87709999999994,True
56.86918333333338,-64.4039666666666,True
56.86918333333338,-62.93083333333327,True
56.86918333333338,-61.45769999999993,True
57.55974166666672,-132.16810000000007,True
57.55974166666672,-130.69496666666674,True
57.55974166666672,-129.22183333333342,True
57.55974166666672,-127.74870000000008,True
57.55974166666672,-126.27556666666675,True
57.55974166666672,-124.80243333333341,True
57.55974166666672,-123.32930000000007,True
57.55974166666672,-121.85616666666674,True
57.55974166666672,-120.3830333333334,True
57.55974166666672,-118.90990000000006,True
57.55974166666672,-117.43676666666673,True
57.55974166666672,-115.96363333333339,True
57.55974166666672,-114.49050000000005,True
57.55974166666672,-113.01736666666672,True
57.55974166666672,-111.54423333333338,True
57.55974166666672,-110.07110000000004,True
57.55974166666672,-108.59796666666671,True
57.55974166666672,-107.12483333333337,True
57.55974166666672,-105.65170000000003,True
57.55974166666672,-104.1785666666667,True
57.55974166666672,-102.70543333333336,True
57.55974166666672,-101.23230000000002,True
57.55974166666672,-99.75916666666669,True
57.55974166666672,-98.28603333333335,True
57.55974166666672,-96.81290000000001,True
57.55974166666672,-95.33976666666668,True
57.55974166666672,-93.86663333333334,True
57.55974166666672,-76.1890333333333,True
57.55974166666672,-74.71589999999996,True
57.55974166666672,-73.24276666666663,True
57.55974166666672,-71.76963333333329,True
57.55974166666672,-70.29649999999995,True
57.55974166666672,-68.82336666666662,True
57.55974166666672,-67.35023333333328,True
57.55974166666672,-65.87709999999994,True
57.55974166666672,-64.4039666666666,True
57.55974166666672,-62.93083333333327,True
58.25030000000005,-132.16810000000007,True
58.25030000000005,-130.69496666666674,True
58.25030000000005,-129.22183333333342,True
58.25030000000005,-127.74870000000008,True
58.25030000000005,-126.27556666666675,True
58.25030000000005,-124.80243333333341,True
58.25030000000005,-123.32930000000007,True
58.25030000000005,-121.85616666666674,True
58.25030000000005,-120.3830333333334,True
58.25030000000005,-118.90990000000006,True
58.25030000000005,-117.43676666666673,True
58.25030000000005,-115.96363333333339,True
58.25030000000005,-114.49050000000005,True
58.25030000000005,-113.01736666666672,True
58.25030000000005,-111.54423333333338,True
58.25030000000005,-110.07110000000004,True
58.25030000000005,-108.59796666666671,True
58.25030000000005,-107.12483333333337,True
58.25030000000005,-105.65170000000003,True
58.25030000000005,-104.1785666666667,True
58.25030000000005,-102.70543333333336,True
58.25030000000005,-101.23230000000002,True
58.25030000000005,-99.75916666666669,True
58.25030000000005,-98.28603333333335,True
58.25030000000005,-96.81290000000001,True
58.25030000000005,-95.33976666666668,True
58.25030000000005,-93.86663333333334,True
58.25030000000005,-76.1890333333333,True
58.25030000000005,-74.71589999999996,True
58.25030000000005,-73.24276666666663,True
58.25030000000005,-71.76963333333329,True
58.25030000000005,-70.29649999999995,True
58.25030000000005,-68.82336666666662,True
58.25030000000005,-67.35023333333328,True
58.25030000000005,-65.87709999999994,True
58.25030000000005,-64.4039666666666,True
58.25030000000005,-62.93083333333327,True
58.94085833333339,-133.6412333333334,True
58.94085833333339,-132.16810000000007,True
58.94085833333339,-130.69496666666674,True
58.94085833333339,-129.22183333333342,True
58.94085833333339,-127.74870000000008,True
58.94085833333339,-126.27556666666675,True
58.94085833333339,-124.80243333333341,True
58.94085833333339,-123.32930000000007,True
58.94085833333339,-121.85616666666674,True
58.94085833333339,-120.3830333333334,True
58.94085833333339,-118.90990000000006,True
58.94085833333339,-117.43676666666673,True
58.94085833333339,-115.96363333333339,True
58.94085833333339,-114.49050000000005,True
58.94085833333339,-113.01736666666672,True
58.94085833333339,-111.54423333333338,True
58.94085833333339,-110.07110000000004,True
58.94085833333339,-108.59796666666671,True
58.94085833333339,-107.12483333333337,True
58.94085833333339,-105.65170000000003,True
58.94085833333339,-104.1785666666667,True
58.94085833333339,-102.70543333333336,True
58.94085833333339,-101.23230000000002,True
58.94085833333339,-99.75916666666669,True
58.94085833333339,-98.28603333333335,True
58.94085833333339,-96.81290000000001,True
58.94085833333339,-95.33976666666668,True
58.94085833333339,-77.66216666666664,True
58.94085833333339,-76.1890333333333,True
58.94085833333339,-74.71589999999996,True
58.94085833333339,-73.24276666666663,True
58.94085833333339,-71.76963333333329,True
58.94085833333339,-70.29649999999995,True
58.94085833333339,-65.87709999999994,True
58.94085833333339,-64.4039666666666,True
59.63141666666672,-138.06063333333336,True
59.63141666666672,-136.58750000000003,True
59.63141666666672,-135.1143666666667,True
59.63141666666672,-133.6412333333334,True
59.63141666666672,-132.16810000000007,True
59.63141666666672,-130.69496666666674,True
59.63141666666672,-129.22183333333342,True
59.63141666666672,-127.74870000000008,True
59.63141666666672,-126.27556666666675,True
59.63141666666672,-124.80243333333341,True
59.63141666666672,-123.32930000000007,True
59.63141666666672,-121.85616666666674,True
59.63141666666672,-120.3830333333334,True
59.63141666666672,-118.90990000000006,True
59.63141666666672,-117.43676666666673,True
59.63141666666672,-115.96363333333339,True
59.63141666666672,-114.49050000000005,True
59.63141666666672,-113.01736666666672,True
59.63141666666672,-111.54423333333338,True
59.63141666666672,-110.07110000000004,True
59.63141666666672,-108.59796666666671,True
59.63141666666672,-107.12483333333337,True
59.63141666666672,-105.65170000000003,True
59.63141666666672,-104.1785666666667,True
59.63141666666672,-102.70543333333336,True
59.63141666666672,-101.23230000000002,True
59.63141666666672,-99.75916666666669,True
59.63141666666672,-98.28603333333335,True
59.63141666666672,-96.81290000000001,True
59.63141666666672,-95.33976666666668,True
59.63141666666672,-77.66216666666664,True
59.63141666666672,-76.1890333333333,True
59.63141666666672,-74.71589999999996,True
59.63141666666672,-73.24276666666663,True
59.63141666666672,-71.76963333333329,True
59.63141666666672,-70.29649999999995,True
59.63141666666672,-64.4039666666666,True
60.32197500000006,-138.06063333333336,True
60.32197500000006,-136.58750000000003,True
60.32197500000006,-135.1143666666667,True
60.32197500000006,-133.6412333333334,True
60.32197500000006,-132.16810000000007,True
60.32197500000006,-130.69496666666674,True
60.32197500000006,-129.22183333333342,True
60.32197500000006,-127.74870000000008,True
60.32197500000006,-126.27556666666675,True
60.32197500000006,-124.80243333333341,True
60.32197500000006,-123.32930000000007,True
60.32197500000006,-121.85616666666674,True
60.32197500000006,-120.3830333333334,True
60.32197500000006,-118.90990000000006,True
60.32197500000006,-117.43676666666673,True
60.32197500000006,-115.96363333333339,True
60.32197500000006,-114.49050000000005,True
60.32197500000006,-113.01736666666672,True
60.32197500000006,-111.54423333333338,True
60.32197500000006,-110.07110000000004,True
60.32197500000006,-108.59796666666671,True
60.32197500000006,-107.12483333333337,True
60.32197500000006,-105.65170000000003,True
60.32197500000006,-104.1785666666667,True
60.32197500000006,-102.70543333333336,True
60.32197500000006,-101.23230000000002,True
60.32197500000006,-99.75916666666669,True
60.32197500000006,-98.28603333333335,True
60.32197500000006,-96.81290000000001,True
60.32197500000006,-95.33976666666668,True
60.32197500000006,-76.1890333333333,True
60.32197500000006,-74.71589999999996,True
60.32197500000006,-73.24276666666663,True
60.32197500000006,-71.76963333333329,True
60.32197500000006,-70.29649999999995,True
61.012533333333394,-139.53376666666668,True
61.012533333333394,-138.06063333333336,True
61.012533333333394,-136.58750000000003,True
61.012533333333394,-135.1143666666667,True
61.012533333333394,-133.6412333333334,True
61.012533333333394,-132.16810000000007,True
61.012533333333394,-130.69496666666674,True
61.012533333333394,-129.22183333333342,True
61.012533333333394,-127.74870000000008,True
61.012533333333394,-126.27556666666675,True
61.012533333333394,-124.80243333333341,True
61.012533333333394,-123.32930000000007,True
61.012533333333394,-121.85616666666674,True
61.012533333333394,-120.3830333333334,True
61.012533333333394,-118.90990000000006,True
61.012533333333394,-117.43676666666673,True
61.012533333333394,-115.96363333333339,True
61.012533333333394,-114.49050000000005,True
61.012533333333394,-113.01736666666672,True
61.012533333333394,-111.54423333333338,True
61.012533333333394,-110.07110000000004,True
61.012533333333394,-108.59796666666671,True
61.012533333333394,-107.12483333333337,True
61.012533333333394,-105.65170000000003,True
61.012533333333394,-104.1785666666667,True
61.012533333333394,-102.70543333333336,True
61.012533333333394,-101.23230000000002,True
61.012533333333394,-99.75916666666669,True
61.012533333333394,-98.28603333333335,True
61.012533333333394,-96.81290000000001,True
61.012533333333394,-95.33976666666668,True
61.012533333333394,-77.66216666666664,True
61.012533333333394,-76.1890333333333,True
61.012533333333394,-74.71589999999996,True
61.012533333333394,-73.24276666666663,True
61.012533333333394,-71.76963333333329,True
61.012533333333394,-70.29649999999995,True
61.70309166666673,-139.53376666666668,True
61.70309166666673,-138.06063333333336,True
61.70309166666673,-136.58750000000003,True
61.70309166666673,-135.1143666666667,True
61.70309166666673,-133.6412333333334,True
61.70309166666673,-132.16810000000007,True
61.70309166666673,-130.69496666666674,True
61.70309166666673,-129.22183333333342,True
61.70309166666673,-127.74870000000008,True
61.70309166666673,-126.27556666666675,True
61.70309166666673,-124.80243333333341,True
61.70309166666673,-123.32930000000007,True
61.70309166666673,-121.85616666666674,True
61.70309166666673,-120.3830333333334,True
61.70309166666673,-118.90990000000006,True
61.70309166666673,-117.43676666666673,True
61.70309166666673,-115.96363333333339,True
61.70309166666673,-114.49050000000005,True
61.70309166666673,-113.01736666666672,True
61.70309166666673,-111.54423333333338,True
61.70309166666673,-110.07110000000004,True
61.70309166666673,-108.59796666666671,True
61.70309166666673,-107.12483333333337,True
61.70309166666673,-105.65170000000003,True
61.70309166666673,-104.1785666666667,True
61.70309166666673,-102.70543333333336,True
61.70309166666673,-101.23230000000002,True
61.70309166666673,-99.75916666666669,True
61.70309166666673,-98.28603333333335,True
61.70309166666673,-96.81290000000001,True
61.70309166666673,-95.33976666666668,True
61.70309166666673,-93.86663333333334,True
61.70309166666673,-77.66216666666664,True
61.70309166666673,-76.1890333333333,True
61.70309166666673,-74.71589999999996,True
61.70309166666673,-73.24276666666663,True
62.393650000000065,-139.53376666666668,True
62.393650000000065,-138.06063333333336,True
62.393650000000065,-136.58750000000003,True
62.393650000000065,-135.1143666666667,True
62.393650000000065,-133.6412333333334,True
62.393650000000065,-132.16810000000007,True
62.393650000000065,-130.69496666666674,True
62.393650000000065,-129.22183333333342,True
62.393650000000065,-127.74870000000008,True
62.393650000000065,-126.27556666666675,True
62.393650000000065,-124.80243333333341,True
62.393650000000065,-123.32930000000007,True
62.393650000000065,-121.85616666666674,True
62.393650000000065,-120.3830333333334,True
62.393650000000065,-118.90990000000006,True
62.393650000000065,-117.43676666666673,True
62.393650000000065,-115.96363333333339,True
62.393650000000065,-114.49050000000005,True
62.393650000000065,-113.01736666666672,True
62.393650000000065,-111.54423333333338,True
62.393650000000065,-110.07110000000004,True
62.393650000000065,-108.59796666666671,True
62.393650000000065,-107.12483333333337,True
62.393650000000065,-105.65170000000003,True
62.393650000000065,-104.1785666666667,True
62.393650000000065,-102.70543333333336,True
62.393650000000065,-101.23230000000002,True
62.393650000000065,-99.75916666666669,True
62.393650000000065,-98.28603333333335,True
62.393650000000065,-96.81290000000001,True
62.393650000000065,-95.33976666666668,True
62.393650000000065,-93.86663333333334,True
62.393650000000065,-92.3935,True
62.393650000000065,-83.55469999999998,True
62.393650000000065,-77.66216666666664,True
62.393650000000065,-68.82336666666662,True
62.393650000000065,-67.35023333333328,True
63.0842083333334,-139.53376666666668,True
63.0842083333334,-138.06063333333336,True
63.0842083333334,-136.58750000000003,True
63.0842083333334,-135.1143666666667,True
63.0842083333334,-133.6412333333334,True
63.0842083333334,-132.16810000000007,True
63.0842083333334,-130.69496666666674,True
63.0842083333334,-129.22183333333342,True
63.0842083333334,-127.74870000000008,True
63.0842083333334,-126.27556666666675,True
63.0842083333334,-124.80243333333341,True
63.0842083333334,-123.32930000000007,True
63.0842083333334,-121.85616666666674,True
63.0842083333334,-120.3830333333334,True
63.0842083333334,-118.90990000000006,True
63.0842083333334,-117.43676666666673,True
63.0842083333334,-115.96363333333339,True
63.0842083333334,-114.49050000000005,True
63.0842083333334,-113.01736666666672,True
63.0842083333334,-111.54423333333338,True
63.0842083333334,-110.07110000000004,True
63.0842083333334,-108.59796666666671,True
63.0842083333334,-107.12483333333337,True
63.0842083333334,-105.65170000000003,True
63.0842083333334,-104.1785666666667,True
63.0842083333334,-102.70543333333336,True
63.0842083333334,-101.23230000000002,True
63.0842083333334,-99.75916666666669,True
63.0842083333334,-98.28603333333335,True
63.0842083333334,-96.81290000000001,True
63.0842083333334,-95.33976666666668,True
63.0842083333334,-93.86663333333334,True
63.0842083333334,-92.3935,True
63.0842083333334,-90.92036666666667,True
63.0842083333334,-70.29649999999995,True
63.0842083333334,-68.82336666666662,True
63.0842083333334,-65.87709999999994,True
63.774766666666736,-139.53376666666668,True
63.774766666666736,-138.06063333333336,True
63.774766666666736,-136.58750000000003,True
63.774766666666736,-135.1143666666667,True
63.774766666666736,-133.6412333333334,True
63.774766666666736,-132.16810000000007,True
63.774766666666736,-130.69496666666674,True
63.774766666666736,-129.22183333333342,True
63.774766666666736,-127.74870000000008,True
63.774766666666736,-126.27556666666675,True
63.774766666666736,-124.80243333333341,True
63.774766666666736,-123.32930000000007,True
63.774766666666736,-121.85616666666674,True
63.774766666666736,-120.3830333333334,True
63.774766666666736,-118.90990000000006,True
63.774766666666736,-117.43676666666673,True
63.774766666666736,-115.96363333333339,True
63.774766666666736,-114.49050000000005,True
63.774766666666736,-113.01736666666672,True
63.774766666666736,-111.54423333333338,True
63.774766666666736,-110.07110000000004,True
63.774766666666736,-108.59796666666671,True
63.774766666666736,-107.12483333333337,True
63.774766666666736,-105.65170000000003,True
63.774766666666736,-104.1785666666667,True
63.774766666666736,-102.70543333333336,True
63.774766666666736,-101.23230000000002,True
63.774766666666736,-99.75916666666669,True
63.774766666666736,-98.28603333333335,True
63.774766666666736,-96.81290000000001,True
63.774766666666736,-95.33976666666668,True
63.774766666666736,-93.86663333333334,True
63.774766666666736,-90.92036666666667,True
63.774766666666736,-86.50096666666666,True
63.774766666666736,-85.02783333333332,True
63.774766666666736,-82.08156666666665,True
63.774766666666736,-80.60843333333331,True
63.774766666666736,-71.76963333333329,True
63.774766666666736,-70.29649999999995,True
63.774766666666736,-68.82336666666662,True
63.774766666666736,-67.35023333333328,True
63.774766666666736,-65.87709999999994,True
64.46532500000006,-139.53376666666668,True
64.46532500000006,-138.06063333333336,True
64.46532500000006,-136.58750000000003,True
64.46532500000006,-135.1143666666667,True
64.46532500000006,-133.6412333333334,True
64.46532500000006,-132.16810000000007,True
64.46532500000006,-130.69496666666674,True
64.46532500000006,-129.22183333333342,True
64.46532500000006,-127.74870000000008,True
64.46532500000006,-126.27556666666675,True
64.46532500000006,-124.80243333333341,True
64.46532500000006,-123.32930000000007,True
64.46532500000006,-121.85616666666674,True
64.46532500000006,-120.3830333333334,True
64.46532500000006,-118.90990000000006,True
64.46532500000006,-117.43676666666673,True
64.46532500000006,-115.96363333333339,True
64.46532500000006,-114.49050000000005,True
64.46532500000006,-113.01736666666672,True
64.46532500000006,-111.54423333333338,True
64.46532500000006,-110.07110000000004,True
64.46532500000006,-108.59796666666671,True
64.46532500000006,-107.12483333333337,True
64.46532500000006,-105.65170000000003,True
64.46532500000006,-104.1785666666667,True
64.46532500000006,-102.70543333333336,True
64.46532500000006,-101.23230000000002,True
64.46532500000006,-99.75916666666669,True
64.46532500000006,-98.28603333333335,True
64.46532500000006,-96.81290000000001,True
64.46532500000006,-95.33976666666668,True
64.46532500000006,-93.86663333333334,True
64.46532500000006,-92.3935,True
64.46532500000006,-90.92036666666667,True
64.46532500000006,-89.44723333333333,True
64.46532500000006,-87.97409999999999,True
64.46532500000006,-85.02783333333332,True
64.46532500000006,-83.55469999999998,True
64.46532500000006,-82.08156666666665,True
64.46532500000006,-77.66216666666664,True
64.46532500000006,-76.1890333333333,True
64.46532500000006,-74.71589999999996,True
64.46532500000006,-73.24276666666663,True
64.46532500000006,-71.76963333333329,True
64.46532500000006,-70.29649999999995,True
64.46532500000006,-68.82336666666662,True
64.46532500000006,-67.35023333333328,True
64.46532500000006,-65.87709999999994,True
65.15588333333339,-139.53376666666668,True
65.15588333333339,-138.06063333333336,True
65.15588333333339,-136.58750000000003,True
65.15588333333339,-135.1143666666667,True
65.15588333333339,-133.6412333333334,True
65.15588333333339,-132.16810000000007,True
65.15588333333339,-130.69496666666674,True
65.15588333333339,-129.22183333333342,True
65.15588333333339,-127.74870000000008,True
65.15588333333339,-126.27556666666675,True
65.15588333333339,-124.80243333333341,True
65.15588333333339,-123.32930000000007,True
65.15588333333339,-121.85616666666674,True
65.15588333333339,-120.3830333333334,True
65.15588333333339,-118.90990000000006,True
65.15588333333339,-117.43676666666673,True
65.15588333333339,-115.96363333333339,True
65.15588333333339,-114.49050000000005,True
65.15588333333339,-113.01736666666672,True
65.15588333333339,-111.54423333333338,True
65.15588333333339,-110.07110000000004,True
65.15588333333339,-108.59796666666671,True
65.15588333333339,-107.12483333333337,True
65.15588333333339,-105.65170000000003,True
65.15588333333339,-104.1785666666667,True
65.15588333333339,-102.70543333333336,True
65.15588333333339,-101.23230000000002,True
65.15588333333339,-99.75916666666669,True
65.15588333333339,-98.28603333333335,True
65.15588333333339,-96.81290000000001,True
65.15588333333339,-95.33976666666668,True
65.15588333333339,-93.86663333333334,True
65.15588333333339,-92.3935,True
65.15588333333339,-90.92036666666667,True
65.15588333333339,-89.44723333333333,True
65.15588333333339,-87.97409999999999,True
65.15588333333339,-85.02783333333332,True
65.15588333333339,-83.55469999999998,True
65.15588333333339,-76.1890333333333,True
65.15588333333339,-74.71589999999996,True
65.15588333333339,-73.24276666666663,True
65.15588333333339,-71.76963333333329,True
65.15588333333339,-70.29649999999995,True
65.15588333333339,-68.82336666666662,True
65.15588333333339,-67.35023333333328,True
65.84644166666672,-139.53376666666668,True
65.84644166666672,-138.06063333333336,True
65.84644166666672,-136.58750000000003,True
65.84644166666672,-135.1143666666667,True
65.84644166666672,-133.6412333333334,True
65.84644166666672,-132.16810000000007,True
65.84644166666672,-130.69496666666674,True
65.84644166666672,-129.22183333333342,True
65.84644166666672,-127.74870000000008,True
65.84644166666672,-126.27556666666675,True
65.84644166666672,-124.80243333333341,True
65.84644166666672,-123.32930000000007,True
65.84644166666672,-121.85616666666674,True
65.84644166666672,-120.3830333333334,True
65.84644166666672,-118.90990000000006,True
65.84644166666672,-117.43676666666673,True
65.84644166666672,-115.96363333333339,True
65.84644166666672,-114.49050000000005,True
65.84644166666672,-113.01736666666672,True
65.84644166666672,-111.54423333333338,True
65.84644166666672,-110.07110000000004,True
65.84644166666672,-108.59796666666671,True
65.84644166666672,-107.12483333333337,True
65.84644166666672,-105.65170000000003,True
65.84644166666672,-104.1785666666667,True
65.84644166666672,-102.70543333333336,True
65.84644166666672,-101.23230000000002,True
65.84644166666672,-99.75916666666669,True
65.84644166666672,-98.28603333333335,True
65.84644166666672,-96.81290000000001,True
65.84644166666672,-95.33976666666668,True
65.84644166666672,-93.86663333333334,True
65.84644166666672,-92.3935,True
65.84644166666672,-90.92036666666667,True
65.84644166666672,-87.97409999999999,True
65.84644166666672,-86.50096666666666,True
65.84644166666672,-85.02783333333332,True
65.84644166666672,-83.55469999999998,True
65.84644166666672,-73.24276666666663,True
65.84644166666672,-71.76963333333329,True
65.84644166666672,-70.29649999999995,True
65.84644166666672,-68.82336666666662,True
65.84644166666672,-64.4039666666666,True
65.84644166666672,-62.93083333333327,True
66.53700000000005,-139.53376666666668,True
66.53700000000005,-138.06063333333336,True
66.53700000000005,-136.58750000000003,True
66.53700000000005,-135.1143666666667,True
66.53700000000005,-133.6412333333334,True
66.53700000000005,-132.16810000000007,True
66.53700000000005,-130.69496666666674,True
66.53700000000005,-129.22183333333342,True
66.53700000000005,-127.74870000000008,True
66.53700000000005,-126.27556666666675,True
66.53700000000005,-124.80243333333341,True
66.53700000000005,-123.32930000000007,True
66.53700000000005,-121.85616666666674,True
66.53700000000005,-120.3830333333334,True
66.53700000000005,-118.90990000000006,True
66.53700000000005,-117.43676666666673,True
66.53700000000005,-115.96363333333339,True
66.53700000000005,-114.49050000000005,True
66.53700000000005,-113.01736666666672,True
66.53700000000005,-111.54423333333338,True
66.53700000000005,-110.07110000000004,True
66.53700000000005,-108.59796666666671,True
66.53700000000005,-107.12483333333337,True
66.53700000000005,-105.65170000000003,True
66.53700000000005,-104.1785666666667,True
66.53700000000005,-102.70543333333336,True
66.53700000000005,-101.23230000000002,True
66.53700000000005,-99.75916666666669,True
66.53700000000005,-98.28603333333335,True
66.53700000000005,-96.81290000000001,True
66.53700000000005,-95.33976666666668,True
66.53700000000005,-93.86663333333334,True
66.53700000000005,-92.3935,True
66.53700000000005,-90.92036666666667,True
66.53700000000005,-89.44723333333333,True
66.53700000000005,-87.97409999999999,True
66.53700000000005,-85.02783333333332,True
66.53700000000005,-83.55469999999998,True
66.53700000000005,-73.24276666666663,True
66.53700000000005,-71.76963333333329,True
66.53700000000005,-68.82336666666662,True
66.53700000000005,-67.35023333333328,True
66.53700000000005,-65.87709999999994,True
66.53700000000005,-64.4039666666666,True
66.53700000000005,-62.93083333333327,True
66.53700000000005,-61.45769999999993,True
67.22755833333338,-139.53376666666668,True
67.22755833333338,-138.06063333333336,True
67.22755833333338,-136.58750000000003,True
67.22755833333338,-135.1143666666667,True
67.22755833333338,-133.6412333333334,True
67.22755833333338,-132.16810000000007,True
67.22755833333338,-130.69496666666674,True
67.22755833333338,-129.22183333333342,True
67.22755833333338,-127.74870000000008,True
67.22755833333338,-126.27556666666675,True
67.22755833333338,-124.80243333333341,True
67.22755833333338,-123.32930000000007,True
67.22755833333338,-121.85616666666674,True
67.22755833333338,-120.3830333333334,True
67.22755833333338,-118.90990000000006,True
67.22755833333338,-117.43676666666673,True
67.22755833333338,-115.96363333333339,True
67.22755833333338,-114.49050000000005,True
67.22755833333338,-113.01736666666672,True
67.22755833333338,-111.54423333333338,True
67.22755833333338,-110.07110000000004,True
67.22755833333338,-108.59796666666671,True
67.22755833333338,-107.12483333333337,True
67.22755833333338,-105.65170000000003,True
67.22755833333338,-104.1785666666667,True
67.22755833333338,-102.70543333333336,True
67.22755833333338,-101.23230000000002,True
67.22755833333338,-99.75916666666669,True
67.22755833333338,-98.28603333333335,True
67.22755833333338,-96.81290000000001,True
67.22755833333338,-95.33976666666668,True
67.22755833333338,-93.86663333333334,True
67.22755833333338,-92.3935,True
67.22755833333338,-90.92036666666667,True
67.22755833333338,-89.44723333333333,True
67.22755833333338,-87.97409999999999,True
67.22755833333338,-86.50096666666666,True
67.22755833333338,-85.02783333333332,True
67.22755833333338,-83.55469999999998,True
67.22755833333338,-82.08156666666665,True
67.22755833333338,-71.76963333333329,True
67.22755833333338,-70.29649999999995,True
67.22755833333338,-68.82336666666662,True
67.22755833333338,-67.35023333333328,True
67.22755833333338,-65.87709999999994,True
67.9181166666667,-139.53376666666668,True
67.9181166666667,-138.06063333333336,True
67.9181166666667,-136.58750000000003,True
67.9181166666667,-135.1143666666667,True
67.9181166666667,-133.6412333333334,True
67.9181166666667,-132.16810000000007,True
67.9181166666667,-130.69496666666674,True
67.9181166666667,-129.22183333333342,True
67.9181166666667,-127.74870000000008,True
67.9181166666667,-126.27556666666675,True
67.9181166666667,-124.80243333333341,True
67.9181166666667,-123.32930000000007,True
67.9181166666667,-121.85616666666674,True
67.9181166666667,-120.3830333333334,True
67.9181166666667,-118.90990000000006,True
67.9181166666667,-117.43676666666673,True
67.9181166666667,-115.96363333333339,True
67.9181166666667,-114.49050000000005,True
67.9181166666667,-113.01736666666672,True
67.9181166666667,-110.07110000000004,True
67.9181166666667,-107.12483333333337,True
67.9181166666667,-105.65170000000003,True
67.9181166666667,-104.1785666666667,True
67.9181166666667,-98.28603333333335,True
67.9181166666667,-96.81290000000001,True
67.9181166666667,-95.33976666666668,True
67.9181166666667,-93.86663333333334,True
67.9181166666667,-92.3935,True
67.9181166666667,-90.92036666666667,True
67.9181166666667,-89.44723333333333,True
67.9181166666667,-86.50096666666666,True
67.9181166666667,-85.02783333333332,True
67.9181166666667,-83.55469999999998,True
67.9181166666667,-76.1890333333333,True
67.9181166666667,-71.76963333333329,True
67.9181166666667,-70.29649999999995,True
67.9181166666667,-68.82336666666662,True
67.9181166666667,-67.35023333333328,True
68.60867500000003,-139.53376666666668,True
68.60867500000003,-138.06063333333336,True
68.60867500000003,-136.58750000000003,True
68.60867500000003,-133.6412333333334,True
68.60867500000003,-132.16810000000007,True
68.60867500000003,-130.69496666666674,True
68.60867500000003,-129.22183333333342,True
68.60867500000003,-127.74870000000008,True
68.60867500000003,-126.27556666666675,True
68.60867500000003,-124.80243333333341,True
68.60867500000003,-123.32930000000007,True
68.60867500000003,-121.85616666666674,True
68.60867500000003,-120.3830333333334,True
68.60867500000003,-118.90990000000006,True
68.60867500000003,-117.43676666666673,True
68.60867500000003,-115.96363333333339,True
68.60867500000003,-114.49050000000005,True
68.60867500000003,-113.01736666666672,True
68.60867500000003,-111.54423333333338,True
68.60867500000003,-107.12483333333337,True
68.60867500000003,-105.65170000000003,True
68.60867500000003,-96.81290000000001,True
68.60867500000003,-92.3935,True
68.60867500000003,-90.92036666666667,True
68.60867500000003,-89.44723333333333,True
68.60867500000003,-85.02783333333332,True
68.60867500000003,-83.55469999999998,True
68.60867500000003,-74.71589999999996,True
68.60867500000003,-73.24276666666663,True
68.60867500000003,-71.76963333333329,True
68.60867500000003,-70.29649999999995,True
69.29923333333336,-139.53376666666668,True
69.29923333333336,-135.1143666666667,True
69.29923333333336,-133.6412333333334,True
69.29923333333336,-130.69496666666674,True
69.29923333333336,-129.22183333333342,True
69.29923333333336,-127.74870000000008,True
69.29923333333336,-126.27556666666675,True
69.29923333333336,-124.80243333333341,True
69.29923333333336,-123.32930000000007,True
69.29923333333336,-121.85616666666674,True
69.29923333333336,-120.3830333333334,True
69.29923333333336,-114.49050000000005,True
69.29923333333336,-113.01736666666672,True
69.29923333333336,-111.54423333333338,True
69.29923333333336,-110.07110000000004,True
69.29923333333336,-108.59796666666671,True
69.29923333333336,-107.12483333333337,True
69.29923333333336,-105.65170000000003,True
69.29923333333336,-104.1785666666667,True
69.29923333333336,-102.70543333333336,True
69.29923333333336,-98.28603333333335,True
69.29923333333336,-96.81290000000001,True
69.29923333333336,-93.86663333333334,True
69.29923333333336,-92.3935,True
69.29923333333336,-90.92036666666667,True
69.29923333333336,-85.02783333333332,True
69.29923333333336,-83.55469999999998,True
69.29923333333336,-74.71589999999996,True
69.29923333333336,-73.24276666666663,True
69.29923333333336,-71.76963333333329,True
69.29923333333336,-70.29649999999995,True
69.29923333333336,-68.82336666666662,True
69.29923333333336,-67.35023333333328,True
69.98979166666669,-130.69496666666674,True
69.98979166666669,-127.74870000000008,True
69.98979166666669,-124.80243333333341,True
69.98979166666669,-115.96363333333339,True
69.98979166666669,-114.49050000000005,True
69.98979166666669,-113.01736666666672,True
69.98979166666669,-111.54423333333338,True
69.98979166666669,-110.07110000000004,True
69.98979166666669,-108.59796666666671,True
69.98979166666669,-107.12483333333337,True
69.98979166666669,-105.65170000000003,True
69.98979166666669,-104.1785666666667,True
69.98979166666669,-102.70543333333336,True
69.98979166666669,-101.23230000000002,True
69.98979166666669,-95.33976666666668,True
69.98979166666669,-93.86663333333334,True
69.98979166666669,-92.3935,True
69.98979166666669,-86.50096666666666,True
69.98979166666669,-83.55469999999998,True
69.98979166666669,-82.08156666666665,True
69.98979166666669,-79.13529999999997,True
69.98979166666669,-77.66216666666664,True
69.98979166666669,-76.1890333333333,True
69.98979166666669,-74.71589999999996,True
69.98979166666669,-73.24276666666663,True
69.98979166666669,-71.76963333333329,True
69.98979166666669,-70.29649999999995,True
69.98979166666669,-67.35023333333328,True
70.68035000000002,-117.43676666666673,True
70.68035000000002,-115.96363333333339,True
70.68035000000002,-114.49050000000005,True
70.68035000000002,-113.01736666666672,True
70.68035000000002,-111.54423333333338,True
70.68035000000002,-110.07110000000004,True
70.68035000000002,-108.59796666666671,True
70.68035000000002,-107.12483333333337,True
70.68035000000002,-105.65170000000003,True
70.68035000000002,-104.1785666666667,True
70.68035000000002,-95.33976666666668,True
70.68035000000002,-93.86663333333334,True
70.68035000000002,-87.97409999999999,True
70.68035000000002,-86.50096666666666,True
70.68035000000002,-85.02783333333332,True
70.68035000000002,-83.55469999999998,True
70.68035000000002,-82.08156666666665,True
70.68035000000002,-80.60843333333331,True
70.68035000000002,-79.13529999999997,True
70.68035000000002,-77.66216666666664,True
70.68035000000002,-76.1890333333333,True
70.68035000000002,-74.71589999999996,True
70.68035000000002,-73.24276666666663,True
70.68035000000002,-71.76963333333329,True
70.68035000000002,-70.29649999999995,True
71.37090833333335,-123.32930000000007,True
71.37090833333335,-114.49050000000005,True
71.37090833333335,-113.01736666666672,True
71.37090833333335,-111.54423333333338,True
71.37090833333335,-110.07110000000004,True
71.37090833333335,-108.59796666666671,True
71.37090833333335,-107.12483333333337,True
71.37090833333335,-105.65170000000003,True
71.37090833333335,-95.33976666666668,True
71.37090833333335,-93.86663333333334,True
71.37090833333335,-89.44723333333333,True
71.37090833333335,-87.97409999999999,True
71.37090833333335,-86.50096666666666,True
71.37090833333335,-85.02783333333332,True
71.37090833333335,-83.55469999999998,True
71.37090833333335,-82.08156666666665,True
71.37090833333335,-80.60843333333331,True
71.37090833333335,-79.13529999999997,True
71.37090833333335,-77.66216666666664,True
71.37090833333335,-76.1890333333333,True
71.37090833333335,-74.71589999999996,True
71.37090833333335,-73.24276666666663,True
71.37090833333335,-71.76963333333329,True
72.06146666666667,-124.80243333333341,True
72.06146666666667,-123.32930000000007,True
72.06146666666667,-121.85616666666674,True
72.06146666666667,-120.3830333333334,True
72.06146666666667,-117.43676666666673,True
72.06146666666667,-115.96363333333339,True
72.06146666666667,-114.49050000000005,True
72.06146666666667,-113.01736666666672,True
72.06146666666667,-111.54423333333338,True
72.06146666666667,-110.07110000000004,True
72.06146666666667,-108.59796666666671,True
72.06146666666667,-107.12483333333337,True
72.06146666666667,-105.65170000000003,True
72.06146666666667,-99.75916666666669,True
72.06146666666667,-98.28603333333335,True
72.06146666666667,-96.81290000000001,True
72.06146666666667,-89.44723333333333,True
72.06146666666667,-87.97409999999999,True
72.06146666666667,-86.50096666666666,True
72.06146666666667,-85.02783333333332,True
72.06146666666667,-83.55469999999998,True
72.06146666666667,-82.08156666666665,True
72.06146666666667,-79.13529999999997,True
72.06146666666667,-77.66216666666664,True
72.06146666666667,-76.1890333333333,True
72.06146666666667,-74.71589999999996,True
72.752025,-124.80243333333341,True
72.752025,-123.32930000000007,True
72.752025,-121.85616666666674,True
72.752025,-120.3830333333334,True
72.752025,-118.90990000000006,True
72.752025,-117.43676666666673,True
72.752025,-115.96363333333339,True
72.752025,-114.49050000000005,True
72.752025,-113.01736666666672,True
72.752025,-111.54423333333338,True
72.752025,-110.07110000000004,True
72.752025,-107.12483333333337,True
72.752025,-105.65170000000003,True
72.752025,-101.23230000000002,True
72.752025,-99.75916666666669,True
72.752025,-98.28603333333335,True
72.752025,-96.81290000000001,True
72.752025,-95.33976666666668,True
72.752025,-92.3935,True
72.752025,-89.44723333333333,True
72.752025,-87.97409999999999,True
72.752025,-85.02783333333332,True
72.752025,-83.55469999999998,True
72.752025,-82.08156666666665,True
72.752025,-80.60843333333331,True
73.44258333333333,-123.32930000000007,True
73.44258333333333,-121.85616666666674,True
73.44258333333333,-120.3830333333334,True
73.44258333333333,-118.90990000000006,True
73.44258333333333,-117.43676666666673,True
73.44258333333333,-115.96363333333339,True
73.44258333333333,-105.65170000000003,True
73.44258333333333,-101.23230000000002,True
73.44258333333333,-99.75916666666669,True
73.44258333333333,-98.28603333333335,True
73.44258333333333,-95.33976666666668,True
73.44258333333333,-93.86663333333334,True
73.44258333333333,-92.3935,True
73.44258333333333,-87.97409999999999,True
73.44258333333333,-86.50096666666666,True
73.44258333333333,-83.55469999999998,True
73.44258333333333,-82.08156666666665,True
73.44258333333333,-80.60843333333331,True
73.44258333333333,-79.13529999999997,True
73.44258333333333,-77.66216666666664,True
74.13314166666666,-123.32930000000007,True
74.13314166666666,-121.85616666666674,True
74.13314166666666,-120.3830333333334,True
74.13314166666666,-117.43676666666673,True
74.82369999999999,-113.01736666666672,True
74.82369999999999,-111.54423333333338,True
74.82369999999999,-95.33976666666668,True
74.82369999999999,-93.86663333333334,True
74.82369999999999,-89.44723333333333,True
74.82369999999999,-87.97409999999999,True
74.82369999999999,-86.50096666666666,True
74.82369999999999,-85.02783333333332,True
74.82369999999999,-83.55469999999998,True
74.82369999999999,-82.08156666666665,True
74.82369999999999,-80.60843333333331,True
75.51425833333332,-114.49050000000005,True
75.51425833333332,-113.01736666666672,True
75.51425833333332,-111.54423333333338,True
75.51425833333332,-110.07110000000004,True
75.51425833333332,-108.59796666666671,True
75.51425833333332,-107.12483333333337,True
75.51425833333332,-98.28603333333335,True
75.51425833333332,-96.81290000000001,True
75.51425833333332,-95.33976666666668,True
75.51425833333332,-90.92036666666667,True
75.51425833333332,-89.44723333333333,True
75.51425833333332,-87.97409999999999,True
75.51425833333332,-85.02783333333332,True
75.51425833333332,-83.55469999999998,True
75.51425833333332,-82.08156666666665,True
75.51425833333332,-80.60843333333331,True
76.20481666666664,-121.85616666666674,True
76.20481666666664,-120.3830333333334,True
76.20481666666664,-114.49050000000005,True
76.20481666666664,-113.01736666666672,True
76.20481666666664,-108.59796666666671,True
76.20481666666664,-104.1785666666667,True
76.20481666666664,-102.70543333333336,True
76.20481666666664,-101.23230000000002,True
76.20481666666664,-99.75916666666669,True
76.20481666666664,-98.28603333333335,True
76.20481666666664,-92.3935,True
76.20481666666664,-90.92036666666667,True
76.20481666666664,-89.44723333333333,True
76.20481666666664,-80.60843333333331,True
76.89537499999997,-118.90990000000006,True
76.89537499999997,-117.43676666666673,True
76.89537499999997,-96.81290000000001,True
76.89537499999997,-95.33976666666668,True
76.89537499999997,-93.86663333333334,True
76.89537499999997,-87.97409999999999,True
76.89537499999997,-86.50096666666666,True
76.89537499999997,-85.02783333333332,True
76.89537499999997,-83.55469999999998,True
76.89537499999997,-82.08156666666665,True
76.89537499999997,-80.60843333333331,True
76.89537499999997,-79.13529999999997,True
77.5859333333333,-113.01736666666672,True
77.5859333333333,-111.54423333333338,True
77.5859333333333,-105.65170000000003,True
77.5859333333333,-95.33976666666668,True
77.5859333333333,-93.86663333333334,True
77.5859333333333,-90.92036666666667,True
77.5859333333333,-86.50096666666666,True
77.5859333333333,-83.55469999999998,True
77.5859333333333,-82.08156666666665,True
77.5859333333333,-80.60843333333331,True
77.5859333333333,-79.13529999999997,True
78.27649166666663,-111.54423333333338,True
78.27649166666663,-104.1785666666667,True
78.27649166666663,-101.23230000000002,True
78.27649166666663,-99.75916666666669,True
78.27649166666663,-96.81290000000001,True
78.27649166666663,-95.33976666666668,True
78.27649166666663,-90.92036666666667,True
78.27649166666663,-86.50096666666666,True
78.27649166666663,-83.55469999999998,True
78.27649166666663,-82.08156666666665,True
78.27649166666663,-80.60843333333331,True
78.27649166666663,-79.13529999999997,True
78.27649166666663,-77.66216666666664,True
78.27649166666663,-76.1890333333333,True
78.96704999999996,-101.23230000000002,True
78.96704999999996,-93.86663333333334,True
78.96704999999996,-92.3935,True
78.96704999999996,-90.92036666666667,True
78.96704999999996,-89.44723333333333,True
78.96704999999996,-87.97409999999999,True
78.96704999999996,-83.55469999999998,True
78.96704999999996,-82.08156666666665,True
78.96704999999996,-80.60843333333331,True
78.96704999999996,-79.13529999999997,True
78.96704999999996,-76.1890333333333,True
79.65760833333329,-95.33976666666668,True
79.65760833333329,-93.86663333333334,True
79.65760833333329,-92.3935,True
79.65760833333329,-90.92036666666667,True
79.65760833333329,-89.44723333333333,True
79.65760833333329,-87.97409999999999,True
79.65760833333329,-85.02783333333332,True
79.65760833333329,-83.55469999999998,True
79.65760833333329,-82.08156666666665,True
79.65760833333329,-80.60843333333331,True
79.65760833333329,-79.13529999999997,True
79.65760833333329,-77.66216666666664,True
79.65760833333329,-76.1890333333333,True
79.65760833333329,-74.71589999999996,True
80.34816666666661,-95.33976666666668,True
80.34816666666661,-93.86663333333334,True
80.34816666666661,-92.3935,True
80.34816666666661,-90.92036666666667,True
80.34816666666661,-89.44723333333333,True
80.34816666666661,-87.97409999999999,True
80.34816666666661,-82.08156666666665,True
80.34816666666661,-80.60843333333331,True
80.34816666666661,-79.13529999999997,True
80.34816666666661,-77.66216666666664,True
80.34816666666661,-76.1890333333333,True
80.34816666666661,-74.71589999999996,True
80.34816666666661,-73.24276666666663,True
80.34816666666661,-71.76963333333329,True
81.03872499999994,-93.86663333333334,True
81.03872499999994,-92.3935,True
81.03872499999994,-89.44723333333333,True
81.03872499999994,-83.55469999999998,True
81.03872499999994,-82.08156666666665,True
81.03872499999994,-80.60843333333331,True
81.03872499999994,-77.66216666666664,True
81.03872499999994,-76.1890333333333,True
81.03872499999994,-74.71589999999996,True
81.03872499999994,-73.24276666666663,True
81.03872499999994,-71.76963333333329,True
81.03872499999994,-70.29649999999995,True
81.03872499999994,-68.82336666666662,True
81.03872499999994,-67.35023333333328,True
81.72928333333327,-90.92036666666667,True
81.72928333333327,-89.44723333333333,True
81.72928333333327,-87.97409999999999,True
81.72928333333327,-86.50096666666666,True
81.72928333333327,-85.02783333333332,True
81.72928333333327,-83.55469999999998,True
81.72928333333327,-82.08156666666665,True
81.72928333333327,-80.60843333333331,True
81.72928333333327,-79.13529999999997,True
81.72928333333327,-77.66216666666664,True
81.72928333333327,-76.1890333333333,True
81.72928333333327,-74.71589999999996,True
81.72928333333327,-73.24276666666663,True
81.72928333333327,-71.76963333333329,True
81.72928333333327,-70.29649999999995,True
81.72928333333327,-68.82336666666662,True
81.72928333333327,-67.35023333333328,True
81.72928333333327,-65.87709999999994,True
81.72928333333327,-64.4039666666666,True
82.4198416666666,-82.08156666666665,True
82.4198416666666,-80.60843333333331,True
82.4198416666666,-79.13529999999997,True
82.4198416666666,-77.66216666666664,True
82.4198416666666,-76.1890333333333,True
82.4198416666666,-74.71589999999996,True
82.4198416666666,-73.24276666666663,True
82.4198416666666,-71.76963333333329,True
82.4198416666666,-70.29649999999995,True
82.4198416666666,-68.82336666666662,True
82.4198416666666,-67.35023333333328,True
82.4198416666666,-65.87709999999994,True
82.4198416666666,-64.4039666666666,True
82.4198416666666,-62.93083333333327,True
82.4198416666666,-61.45769999999993,True
